sector,etf_code,n_stocks,ret_5d,ret_20d,ret_60d,rel_5d,rel_20d,rel_60d,med_ret_20d,turn_ratio_1d,share_pct,share_z,up_turn_ratio,breadth_ma25,breadth_pos20,label,ew_ret_5d,ew_rel_5d,ew_ret_20d,ew_rel_20d,ew_ret_60d,ew_rel_60d,ew_label,ew_flag,cw_ret_5d,cw_rel_5d,cw_ret_20d,cw_rel_20d,cw_ret_60d,cw_rel_60d,nav_date,dev_20d,nav_noise,rel_20d_nav,rel_20d_same,nav_flag,score
素材・化学,1620,47,2.8279,5.8497,-1.2671,2.2933,3.4101,-3.731,2.2918,1.0839,3.8276,1.6395,0.6122,61.7021,76.5957,資金流入,2.1533,1.2296,5.6314,3.4365,4.5482,1.2136,資金流入,,1.9287,1.5776,6.2597,3.6015,-1.6974,-4.5877,2026-10-08,-0.5989,0.515,3.5745,2.9756,乖離大,86.7647
食品,1617,29,3.191,2.1548,1.8777,2.6564,-0.2848,-0.5861,-0.9861,1.3191,1.8318,1.7523,0.6952,55.1724,37.931,売り圧力/転換前,2.5136,1.5899,-0.2851,-2.48,1.6799,-1.6547,売り圧力/転換前,,3.5092,3.1581,2.8561,0.1979,4.3138,1.4236,2026-10-08,0.196,0.446,-0.0146,0.1814,,86.7647
機械,1624,33,-1.0945,2.9019,-6.5288,-1.6291,0.4623,-8.9926,3.4163,1.0369,6.1956,2.0565,0.5104,51.5152,66.6667,資金流入,0.2253,-0.6984,4.9302,2.7353,-2.749,-6.0836,資金流入,,-0.9783,-1.3294,3.6444,0.9861,-5.6438,-8.5341,2026-10-08,0.5258,0.8777,-0.2792,0.2466,乖離大,74.2647
小売,1630,33,0.7989,-2.8412,-3.9633,0.2643,-5.2808,-6.4271,-3.3018,1.396,3.4876,2.3055,0.6094,51.5152,33.3333,売り圧力/転換前,2.5572,1.6335,-1.6375,-3.8324,3.0308,-0.3038,売り圧力/転換前,,1.8626,1.5115,-1.1785,-3.8367,-2.6722,-5.5625,2026-10-08,0.0941,0.5254,-0.6793,-0.5851,,69.8529
情報通信・サービスその他,1626,68,1.5391,0.5487,10.4958,1.0045,-1.8909,8.0319,1.1826,1.0663,11.0313,0.4614,0.5809,52.9412,58.8235,売り圧力/転換前,2.7253,1.8016,3.468,1.2731,10.1681,6.8336,資金流入,ETFと方向相違,1.2155,0.8644,0.8733,-1.7849,12.2287,9.3385,2026-10-08,-0.0562,0.4274,0.6879,0.6317,,64.7059
電機・精密,1625,60,1.5986,10.7097,0.9115,1.0639,8.2701,-1.5524,8.3947,0.9078,42.6036,-1.1497,0.5017,80.0,91.6667,買い細り,1.3358,0.4121,10.3876,8.1927,0.659,-2.6755,買い細り,,1.3779,1.0269,10.9066,8.2484,1.7641,-1.1261,2026-10-08,-0.1068,0.4095,5.702,5.5952,,61.7647
自動車・輸送機,1622,21,1.6447,1.0705,3.7229,1.1101,-1.3691,1.259,0.3109,0.8207,3.1257,-0.3236,0.7468,33.3333,47.619,低調,2.216,1.2923,2.8284,0.6335,2.9723,-0.3623,買い細り,ETFと方向相違,2.2239,1.8729,1.4592,-1.199,4.7758,1.8855,2026-10-08,-0.0079,0.6107,-2.9225,-2.9304,,58.0882
建設・資材,1619,38,-1.0031,-0.426,-10.8054,-1.5378,-2.8656,-13.2693,-3.4088,1.0108,2.8199,0.9891,0.4501,34.2105,31.5789,売り圧力/転換前,-1.5444,-2.4681,-0.4265,-2.6214,-7.1092,-10.4438,売り圧力/転換前,,-1.4064,-1.7575,-0.9893,-3.6476,-11.119,-14.0093,2026-10-08,0.5298,0.4515,-1.9342,-1.4044,乖離大,54.4118
金融(除く銀行),1632,20,0.5967,-1.7483,-1.2418,0.062,-4.1879,-3.7057,-3.9823,0.907,2.8331,0.9293,0.6198,5.0,10.0,売り圧力/転換前,-0.0284,-0.9521,-1.7043,-3.8992,2.1442,-1.1904,売り圧力/転換前,,1.1873,0.8362,5.5113,2.853,8.6789,5.7887,2026-10-08,0.0261,0.5717,-3.1777,-3.1516,,51.4706
運輸・物流,1628,34,1.2975,-1.1754,3.4793,0.7629,-3.615,1.0154,-2.4864,0.9916,1.8806,0.066,0.6481,29.4118,23.5294,売り圧力/転換前,1.5611,0.6374,-0.731,-2.9259,3.2922,-0.0424,売り圧力/転換前,,1.669,1.3179,-0.5697,-3.2279,7.0895,4.1992,2026-10-08,-0.0594,0.5735,-1.3884,-1.4478,,50.0
医薬品,1621,16,0.2544,-1.4341,-1.6473,-0.2802,-3.8736,-4.1111,-1.6856,0.9773,1.6532,0.4947,0.5332,31.25,18.75,売り圧力/転換前,-0.0098,-0.9335,-1.5511,-3.746,-1.0771,-4.4117,売り圧力/転換前,,0.8239,0.4728,-1.1085,-3.7667,1.1159,-1.7744,2026-10-08,0.4361,0.4314,-0.9623,-0.5263,,48.5294
鉄鋼・非鉄,1623,14,-2.964,3.3307,1.2275,-3.4986,0.8911,-1.2364,-1.7329,0.892,7.7279,0.2962,0.3591,35.7143,42.8571,資金流入,-1.635,-2.5587,2.1857,-0.0092,5.3157,1.9811,売り圧力/転換前,,-2.7555,-3.1066,4.6479,1.9897,2.5613,-0.329,2026-10-08,-0.0741,0.6136,1.6525,1.5785,,47.0588
不動産,1633,12,-0.766,-5.0102,-10.0135,-1.3006,-7.4498,-12.4774,-5.1009,1.0661,1.0156,1.5374,0.5567,8.3333,0.0,売り圧力/転換前,0.1882,-0.7355,-4.2289,-6.4238,-6.5177,-9.8523,売り圧力/転換前,,0.0717,-0.2794,-3.9411,-6.5994,-9.2204,-12.1107,2026-10-08,0.3049,0.5784,-3.8775,-3.5726,,44.1176
商社・卸売,1629,24,-0.8142,-3.701,7.501,-1.3488,-6.1406,5.0371,-3.5279,0.8538,2.6385,-0.0285,0.4938,33.3333,37.5,低調,0.4095,-0.5142,0.6223,-1.5726,9.266,5.9315,低調,,-1.2734,-1.6245,-4.2788,-6.9371,8.2962,5.4059,2026-10-08,0.349,0.4452,-4.742,-4.393,,30.1471
エネルギー資源,1618,4,-1.4644,-3.3158,7.3642,-1.999,-5.7554,4.9004,-3.7528,0.8678,0.5766,0.6994,0.4461,0.0,0.0,売り圧力/転換前,-2.1006,-3.0243,-3.748,-5.9428,11.945,8.6104,売り圧力/転換前,,-1.2368,-1.5878,-2.9297,-5.588,10.838,7.9477,2026-10-08,-0.3005,0.8245,-2.1534,-2.4539,,30.1471
銀行,1631,26,-3.0595,-3.3389,-0.4699,-3.5941,-5.7785,-2.9338,-3.4776,0.935,5.808,0.4315,0.3882,0.0,23.0769,売り圧力/転換前,-3.6072,-4.5309,-1.0299,-3.2248,6.596,3.2614,売り圧力/転換前,,-2.8383,-3.1894,-3.3047,-5.9629,0.9486,-1.9416,2026-10-08,0.3718,0.4173,-3.1064,-2.7346,,21.3235
電力・ガス,1627,13,-1.5302,-6.186,3.8831,-2.0648,-8.6256,1.4192,-5.5567,0.7111,0.9432,0.3602,0.4061,7.6923,15.3846,売り圧力/転換前,-0.2685,-1.1922,-4.2416,-6.4365,11.5076,8.173,売り圧力/転換前,,-0.7486,-1.0997,-5.8583,-8.5165,6.1057,3.2155,2026-10-08,-1.0583,0.6396,-6.5722,-7.6305,乖離大,20.5882
