weight_date,code,name,sector33,size,weight
2026-08-31,1301,極洋,水産・農林業,TOPIX Small 1,0.0048
2026-08-31,1332,ニッスイ,水産・農林業,TOPIX Mid400,0.0276
2026-08-31,1333,Umios,水産・農林業,TOPIX Mid400,0.0152
2026-08-31,1375,ユキグニファクトリー,水産・農林業,TOPIX Small 2,0.0024
2026-08-31,1376,カネコ種苗,水産・農林業,TOPIX Small 2,0.0011
2026-08-31,1377,サカタのタネ,水産・農林業,TOPIX Small 1,0.0127
2026-08-31,1379,ホクト,水産・農林業,TOPIX Small 2,0.0047
2026-08-31,1414,ショーボンドホールディングス,建設業,TOPIX Mid400,0.018
2026-08-31,1417,ミライト・ワン,建設業,TOPIX Mid400,0.0299
2026-08-31,1419,タマホーム,建設業,TOPIX Small 1,0.0044
2026-08-31,1435,robot home,不動産業,TOPIX Small 2,0.0008
2026-08-31,1514,住石ホールディングス,鉱業,TOPIX Small 2,0.0014
2026-08-31,1515,日鉄鉱業,鉱業,TOPIX Small 1,0.0178
2026-08-31,1518,三井松島ホールディングス,その他製品,TOPIX Small 1,0.007
2026-08-31,1605,INPEX,鉱業,TOPIX Mid400,0.3215
2026-08-31,1662,石油資源開発,鉱業,TOPIX Small 1,0.0286
2026-08-31,1663,K&Oエナジーグループ,鉱業,TOPIX Small 1,0.0044
2026-08-31,166A,タスキホールディングス,不動産業,TOPIX Small 2,0.0049
2026-08-31,167A,リョーサン菱洋ホールディングス,卸売業,TOPIX Small 1,0.0105
2026-08-31,1716,第一カッター興業,建設業,TOPIX Small 2,0.0009
2026-08-31,1719,安藤・間,建設業,TOPIX Mid400,0.0247
2026-08-31,1720,東急建設,建設業,TOPIX Small 1,0.009
2026-08-31,1721,コムシスホールディングス,建設業,TOPIX Mid400,0.0416
2026-08-31,1762,高松コンストラクショングループ,建設業,TOPIX Small 2,0.0076
2026-08-31,1766,東建コーポレーション,建設業,TOPIX Small 1,0.0072
2026-08-31,1780,ヤマウラ,建設業,TOPIX Small 2,0.002
2026-08-31,1786,オリエンタル白石,建設業,TOPIX Small 2,0.0032
2026-08-31,1801,大成建設,建設業,TOPIX Mid400,0.1589
2026-08-31,1802,大林組,建設業,TOPIX Mid400,0.1603
2026-08-31,1803,清水建設,建設業,TOPIX Mid400,0.1105
2026-08-31,1808,長谷工コーポレーション,建設業,TOPIX Mid400,0.0438
2026-08-31,1810,松井建設,建設業,TOPIX Small 2,0.002
2026-08-31,1812,鹿島建設,建設業,TOPIX Mid400,0.1816
2026-08-31,1813,不動テトラ,建設業,TOPIX Small 2,0.0027
2026-08-31,1815,鉄建建設,建設業,TOPIX Small 2,0.0048
2026-08-31,1820,西松建設,建設業,TOPIX Mid400,0.015
2026-08-31,1822,大豊建設,建設業,TOPIX Small 2,0.0018
2026-08-31,1833,奥村組,建設業,TOPIX Small 1,0.016
2026-08-31,1835,東鉄工業,建設業,TOPIX Small 1,0.0074
2026-08-31,1852,淺沼組,建設業,TOPIX Small 1,0.0062
2026-08-31,1860,戸田建設,建設業,TOPIX Mid400,0.0315
2026-08-31,1861,熊谷組,建設業,TOPIX Small 1,0.013
2026-08-31,1870,矢作建設工業,建設業,TOPIX Small 1,0.007
2026-08-31,1871,ピーエス・コンストラクション,建設業,TOPIX Small 2,0.0035
2026-08-31,1873,日本ハウスホールディングス,建設業,TOPIX Small 2,0.0012
2026-08-31,1878,大東建託,不動産業,TOPIX Mid400,0.0963
2026-08-31,1879,新日本建設,建設業,TOPIX Small 2,0.0056
2026-08-31,1882,東亜道路工業,建設業,TOPIX Small 1,0.0042
2026-08-31,1885,東亜建設工業,建設業,TOPIX Small 1,0.0132
2026-08-31,1887,日本国土開発,建設業,TOPIX Small 2,0.0029
2026-08-31,1888,若築建設,建設業,TOPIX Small 2,0.0019
2026-08-31,1893,五洋建設,建設業,TOPIX Mid400,0.0349
2026-08-31,1898,世紀東急工業,建設業,TOPIX Small 1,0.004
2026-08-31,1899,福田組,建設業,TOPIX Small 2,0.0073
2026-08-31,1911,住友林業,建設業,TOPIX Mid400,0.0591
2026-08-31,1925,大和ハウス工業,建設業,TOPIX Large70,0.2192
2026-08-31,1926,ライト工業,建設業,TOPIX Small 1,0.0117
2026-08-31,1928,積水ハウス,建設業,TOPIX Large70,0.1738
2026-08-31,1929,日特建設,建設業,TOPIX Small 2,0.0019
2026-08-31,1930,北陸電気工事,建設業,TOPIX Small 2,0.0015
2026-08-31,1934,ユアテック,建設業,TOPIX Small 1,0.0092
2026-08-31,1938,日本リーテック,建設業,TOPIX Small 2,0.0033
2026-08-31,1939,四電工,建設業,TOPIX Small 2,0.0048
2026-08-31,1941,中電工,建設業,TOPIX Small 1,0.0114
2026-08-31,1942,関電工,建設業,TOPIX Mid400,0.0509
2026-08-31,1944,きんでん,建設業,TOPIX Mid400,0.0678
2026-08-31,1945,東京エネシス,建設業,TOPIX Small 2,0.0031
2026-08-31,1946,トーエネック,建設業,TOPIX Small 2,0.0072
2026-08-31,1950,日本電設工業,建設業,TOPIX Small 1,0.0126
2026-08-31,1951,エクシオグループ,建設業,TOPIX Mid400,0.0421
2026-08-31,1952,新日本空調,建設業,TOPIX Small 1,0.007
2026-08-31,1959,クラフティア,建設業,TOPIX Mid400,0.0298
2026-08-31,1961,三機工業,建設業,TOPIX Small 1,0.0252
2026-08-31,1963,日揮ホールディングス,建設業,TOPIX Mid400,0.0409
2026-08-31,1964,中外炉工業,建設業,TOPIX Small 2,0.0018
2026-08-31,1968,太平電業,建設業,TOPIX Small 1,0.0083
2026-08-31,1969,高砂熱学工業,建設業,TOPIX Mid400,0.0392
2026-08-31,1975,朝日工業社,建設業,TOPIX Small 1,0.0069
2026-08-31,1976,明星工業,建設業,TOPIX Small 2,0.0049
2026-08-31,1979,大氣社,建設業,TOPIX Small 1,0.0162
2026-08-31,1980,ダイダン,建設業,TOPIX Small 1,0.027
2026-08-31,1982,日比谷総合設備,建設業,TOPIX Small 2,0.0067
2026-08-31,2001,ニップン,食料品,TOPIX Small 1,0.0177
2026-08-31,2002,日清製粉グループ本社,食料品,TOPIX Mid400,0.0336
2026-08-31,2003,日東富士製粉,食料品,TOPIX Small 2,0.0022
2026-08-31,2004,昭和産業,食料品,TOPIX Small 2,0.0054
2026-08-31,2053,中部飼料,食料品,TOPIX Small 2,0.0043
2026-08-31,2060,フィード・ワン,食料品,TOPIX Small 2,0.0032
2026-08-31,2108,日本甜菜製糖,食料品,TOPIX Small 2,0.0039
2026-08-31,2109,DM三井製糖,食料品,TOPIX Small 1,0.0052
2026-08-31,2117,ウェルネオシュガー,食料品,TOPIX Small 2,0.0027
2026-08-31,2120,LIFULL,サービス業,TOPIX Small 2,0.0015
2026-08-31,2121,MIXI,情報・通信業,TOPIX Small 1,0.0113
2026-08-31,2124,ジェイエイシーリクルートメント,サービス業,TOPIX Small 1,0.0065
2026-08-31,2127,日本M&Aセンターホールディングス,サービス業,TOPIX Mid400,0.0194
2026-08-31,212A,フィットイージー,サービス業,TOPIX Small 2,0.0026
2026-08-31,2130,メンバーズ,サービス業,TOPIX Small 2,0.0006
2026-08-31,2146,UTグループ,サービス業,TOPIX Small 1,0.0084
2026-08-31,2148,アイティメディア,サービス業,TOPIX Small 2,0.0012
2026-08-31,2153,E・Jホールディングス,サービス業,TOPIX Small 2,0.0025
2026-08-31,2154,オープンアップグループ,サービス業,TOPIX Small 1,0.0109
2026-08-31,2157,コシダカホールディングス,サービス業,TOPIX Small 1,0.0051
2026-08-31,2168,パソナグループ,サービス業,TOPIX Small 1,0.0032
2026-08-31,2170,リンクアンドモチベーション,サービス業,TOPIX Small 2,0.0042
2026-08-31,2175,エス・エム・エス,サービス業,TOPIX Small 1,0.017
2026-08-31,2181,パーソルホールディングス,サービス業,TOPIX Mid400,0.0487
2026-08-31,2193,クックパッド,サービス業,TOPIX Small 2,0.0004
2026-08-31,2201,森永製菓,食料品,TOPIX Mid400,0.0169
2026-08-31,2204,中村屋,食料品,TOPIX Small 2,0.0013
2026-08-31,2206,江崎グリコ,食料品,TOPIX Mid400,0.0251
2026-08-31,2207,meito,食料品,TOPIX Small 2,0.0025
2026-08-31,2209,井村屋グループ,食料品,TOPIX Small 2,0.0022
2026-08-31,2211,不二家,食料品,TOPIX Small 2,0.0029
2026-08-31,2212,山崎製パン,食料品,TOPIX Mid400,0.0421
2026-08-31,2217,モロゾフ,食料品,TOPIX Small 2,0.0024
2026-08-31,2220,亀田製菓,食料品,TOPIX Small 1,0.0046
2026-08-31,2222,寿スピリッツ,食料品,TOPIX Mid400,0.0251
2026-08-31,2229,カルビー,食料品,TOPIX Mid400,0.0241
2026-08-31,2264,森永乳業,食料品,TOPIX Mid400,0.028
2026-08-31,2266,六甲バター,食料品,TOPIX Small 2,0.0015
2026-08-31,2267,ヤクルト本社,食料品,TOPIX Mid400,0.0609
2026-08-31,2269,明治ホールディングス,食料品,TOPIX Mid400,0.1063
2026-08-31,2270,雪印メグミルク,食料品,TOPIX Small 1,0.0154
2026-08-31,2281,プリマハム,食料品,TOPIX Small 1,0.0056
2026-08-31,2282,日本ハム,食料品,TOPIX Mid400,0.0383
2026-08-31,2288,丸大食品,食料品,TOPIX Small 2,0.0039
2026-08-31,2292,S Foods,食料品,TOPIX Small 1,0.0055
2026-08-31,2294,柿安本店,食料品,TOPIX Small 2,0.0017
2026-08-31,2296,伊藤ハム米久ホールディングス,食料品,TOPIX Small 1,0.0152
2026-08-31,2301,学情,サービス業,TOPIX Small 2,0.0014
2026-08-31,2305,スタジオアリス,サービス業,TOPIX Small 2,0.0017
2026-08-31,2307,クロスキャット,情報・通信業,TOPIX Small 2,0.0011
2026-08-31,2317,システナ,情報・通信業,TOPIX Small 1,0.0114
2026-08-31,2325,NJS,サービス業,TOPIX Small 2,0.0022
2026-08-31,2326,デジタルアーツ,情報・通信業,TOPIX Small 1,0.0042
2026-08-31,2327,日鉄ソリューションズ,情報・通信業,TOPIX Mid400,0.0191
2026-08-31,2331,ALSOK,サービス業,TOPIX Mid400,0.036
2026-08-31,2335,キューブシステム,情報・通信業,TOPIX Small 2,0.0011
2026-08-31,2337,いちご,不動産業,TOPIX Small 1,0.0054
2026-08-31,2353,日本駐車場開発,不動産業,TOPIX Small 1,0.0055
2026-08-31,2359,コア,情報・通信業,TOPIX Small 2,0.0017
2026-08-31,2371,カカクコム,サービス業,TOPIX Mid400,0.0422
2026-08-31,2378,ルネサンス,サービス業,TOPIX Small 2,0.0015
2026-08-31,2379,ディップ,サービス業,TOPIX Small 1,0.0057
2026-08-31,2384,SBSホールディングス,陸運業,TOPIX Small 1,0.008
2026-08-31,2395,新日本科学,サービス業,TOPIX Small 2,0.0026
2026-08-31,2413,エムスリー,サービス業,TOPIX Mid400,0.0643
2026-08-31,2429,ワールドホールディングス,サービス業,TOPIX Small 2,0.0024
2026-08-31,2432,ディー・エヌ・エー,情報・通信業,TOPIX Mid400,0.0182
2026-08-31,2433,博報堂DYホールディングス,サービス業,TOPIX Mid400,0.0289
2026-08-31,2440,ぐるなび,サービス業,TOPIX Small 2,0.0004
2026-08-31,2445,タカミヤ,サービス業,TOPIX Small 2,0.001
2026-08-31,2461,ファンコミュニケーションズ,サービス業,TOPIX Small 2,0.001
2026-08-31,2462,ライク,サービス業,TOPIX Small 2,0.0014
2026-08-31,2471,エスプール,サービス業,TOPIX Small 2,0.0015
2026-08-31,2475,WDBホールディングス,サービス業,TOPIX Small 2,0.0014
2026-08-31,2477,手間いらず,情報・通信業,TOPIX Small 2,0.0007
2026-08-31,2489,アドウェイズ,サービス業,TOPIX Small 2,0.0009
2026-08-31,2491,バリューコマース,サービス業,TOPIX Small 2,0.0012
2026-08-31,2492,インフォマート,サービス業,TOPIX Small 1,0.0101
2026-08-31,2501,サッポロビール,食料品,TOPIX Mid400,0.0528
2026-08-31,2502,アサヒグループホールディングス,食料品,TOPIX Large70,0.2139
2026-08-31,2503,キリンホールディングス,食料品,TOPIX Large70,0.2252
2026-08-31,250A,シマダヤ,食料品,TOPIX Small 2,0.0013
2026-08-31,2531,宝ホールディングス,食料品,TOPIX Mid400,0.0298
2026-08-31,2533,オエノンホールディングス,食料品,TOPIX Small 2,0.0024
2026-08-31,256A,飛島ホールディングス,建設業,TOPIX Small 2,0.0038
2026-08-31,2579,コカ・コーラ ボトラーズジャパンホールディングス,食料品,TOPIX Mid400,0.0435
2026-08-31,2585,ライフドリンク カンパニー,食料品,TOPIX Small 1,0.0047
2026-08-31,2587,サントリービバレッジ&フード,食料品,TOPIX Mid400,0.063
2026-08-31,2590,ダイドーグループホールディングス,食料品,TOPIX Small 1,0.0059
2026-08-31,2593,伊藤園,食料品,TOPIX Mid400,0.0167
2026-08-31,2594,キーコーヒー,食料品,TOPIX Small 2,0.0039
2026-08-31,2602,日清オイリオグループ,食料品,TOPIX Small 1,0.0139
2026-08-31,2607,不二製油,食料品,TOPIX Mid400,0.0157
2026-08-31,2613,J-オイルミルズ,食料品,TOPIX Small 2,0.0045
2026-08-31,262A,インターメスティック,小売業,TOPIX Small 2,0.0018
2026-08-31,2659,サンエー,小売業,TOPIX Small 1,0.0139
2026-08-31,2664,カワチ薬品,小売業,TOPIX Small 1,0.0053
2026-08-31,2670,エービーシー・マート,小売業,TOPIX Mid400,0.0261
2026-08-31,2674,ハードオフコーポレーション,小売業,TOPIX Small 2,0.0019
2026-08-31,2676,高千穂交易,卸売業,TOPIX Small 2,0.003
2026-08-31,2678,アスクル,小売業,TOPIX Small 1,0.0045
2026-08-31,2681,ゲオホールディングス,小売業,TOPIX Small 1,0.005
2026-08-31,2685,アンドエスティHD,小売業,TOPIX Small 1,0.0085
2026-08-31,268A,リガク・ホールディングス,精密機器,TOPIX Small 1,0.0166
2026-08-31,2695,くら寿司,小売業,TOPIX Small 1,0.0084
2026-08-31,2698,キャンドゥ,小売業,TOPIX Small 2,0.0022
2026-08-31,2726,パルグループホールディングス,小売業,TOPIX Small 1,0.0108
2026-08-31,2730,エディオン,小売業,TOPIX Small 1,0.0221
2026-08-31,2733,あらた,卸売業,TOPIX Small 1,0.0076
2026-08-31,2734,サーラコーポレーション,小売業,TOPIX Small 2,0.0047
2026-08-31,2737,トーメンデバイス,卸売業,TOPIX Small 2,0.0091
2026-08-31,2742,ハローズ,小売業,TOPIX Small 2,0.0034
2026-08-31,2749,JPホールディングス,サービス業,TOPIX Small 1,0.003
2026-08-31,2752,フジオフードグループ本社,小売業,TOPIX Small 1,0.0038
2026-08-31,2753,あみやき亭,小売業,TOPIX Small 2,0.0019
2026-08-31,2760,東京エレクトロン デバイス,卸売業,TOPIX Small 1,0.0078
2026-08-31,2767,円谷フィールズホールディングス,卸売業,TOPIX Small 1,0.0088
2026-08-31,2768,双日,卸売業,TOPIX Mid400,0.0987
2026-08-31,277A,グロービング,サービス業,TOPIX Small 2,0.0011
2026-08-31,2784,アルフレッサ ホールディングス,卸売業,TOPIX Mid400,0.04
2026-08-31,2791,大黒天物産,小売業,TOPIX Small 1,0.003
2026-08-31,2792,ハニーズホールディングス,小売業,TOPIX Small 2,0.0024
2026-08-31,2801,キッコーマン,食料品,TOPIX Mid400,0.1033
2026-08-31,2802,味の素,食料品,TOPIX Large70,0.4431
2026-08-31,2804,ブルドックソース,食料品,TOPIX Small 2,0.0016
2026-08-31,2809,キユーピー,食料品,TOPIX Mid400,0.0435
2026-08-31,2810,ハウス食品グループ本社,食料品,TOPIX Mid400,0.0238
2026-08-31,2811,カゴメ,食料品,TOPIX Mid400,0.0242
2026-08-31,2815,アリアケジャパン,食料品,TOPIX Small 1,0.0103
2026-08-31,2819,エバラ食品工業,食料品,TOPIX Small 2,0.0011
2026-08-31,285A,キオクシアホールディングス,電気機器,TOPIX Mid400,0.5308
2026-08-31,2871,ニチレイ,食料品,TOPIX Mid400,0.0322
2026-08-31,2874,横浜冷凍,卸売業,TOPIX Small 1,0.0093
2026-08-31,2875,東洋水産,食料品,TOPIX Mid400,0.0826
2026-08-31,2882,イートアンドホールディングス,食料品,TOPIX Small 2,0.0017
2026-08-31,2884,ヨシムラ・フード・ホールディングス,食料品,TOPIX Small 2,0.0008
2026-08-31,2897,日清食品ホールディングス,食料品,TOPIX Mid400,0.0574
2026-08-31,2908,フジッコ,食料品,TOPIX Small 2,0.0032
2026-08-31,2910,ロック・フィールド,食料品,TOPIX Small 2,0.0027
2026-08-31,2914,日本たばこ産業,食料品,TOPIX Core30,0.7161
2026-08-31,2915,ケンコーマヨネーズ,食料品,TOPIX Small 2,0.0022
2026-08-31,2918,わらべや日洋ホールディングス,食料品,TOPIX Small 1,0.0032
2026-08-31,2922,なとり,食料品,TOPIX Small 2,0.0022
2026-08-31,2929,ファーマフーズ,食料品,TOPIX Small 2,0.0013
2026-08-31,2930,北の達人コーポレーション,化学,TOPIX Small 2,0.001
2026-08-31,2931,ユーグレナ,食料品,TOPIX Small 1,0.0045
2026-08-31,2933,紀文食品,食料品,TOPIX Small 2,0.0017
2026-08-31,2935,ピックルスホールディングス,食料品,TOPIX Small 2,0.0012
2026-08-31,2975,スター・マイカ・ホールディングス,不動産業,TOPIX Small 2,0.0027
2026-08-31,2980,SREホールディングス,不動産業,TOPIX Small 2,0.0021
2026-08-31,3001,片倉工業,繊維製品,TOPIX Small 2,0.0062
2026-08-31,3002,グンゼ,繊維製品,TOPIX Small 1,0.0102
2026-08-31,3003,ヒューリック,不動産業,TOPIX Mid400,0.0884
2026-08-31,3023,ラサ商事,卸売業,TOPIX Small 2,0.002
2026-08-31,3028,アルペン,小売業,TOPIX Small 1,0.0042
2026-08-31,3031,ラクーンホールディングス,情報・通信業,TOPIX Small 2,0.0009
2026-08-31,3034,クオールホールディングス,小売業,TOPIX Small 1,0.0055
2026-08-31,3036,アルコニックス,卸売業,TOPIX Small 1,0.0095
2026-08-31,3038,神戸物産,卸売業,TOPIX Mid400,0.0399
2026-08-31,3040,ソリトンシステムズ,情報・通信業,TOPIX Small 2,0.0022
2026-08-31,3046,ジンズホールディングス,小売業,TOPIX Small 1,0.0083
2026-08-31,3048,ビックカメラ,小売業,TOPIX Mid400,0.0195
2026-08-31,3050,DCMホールディングス,小売業,TOPIX Small 1,0.0151
2026-08-31,3053,ペッパーフードサービス,小売業,TOPIX Small 2,0.0013
2026-08-31,3064,MonotaRO,小売業,TOPIX Mid400,0.0494
2026-08-31,3076,あい ホールディングス,卸売業,TOPIX Small 1,0.0109
2026-08-31,3086,J.フロント リテイリング,小売業,TOPIX Mid400,0.0619
2026-08-31,3087,ドトール・日レスホールディングス,小売業,TOPIX Small 1,0.011
2026-08-31,3088,マツキヨココカラ&カンパニー,小売業,TOPIX Mid400,0.082
2026-08-31,3091,ブロンコビリー,小売業,TOPIX Small 1,0.0062
2026-08-31,3092,ZOZO,小売業,TOPIX Mid400,0.0331
2026-08-31,3093,トレジャー・ファクトリー,小売業,TOPIX Small 2,0.0026
2026-08-31,3097,物語コーポレーション,小売業,TOPIX Small 1,0.0206
2026-08-31,3099,三越伊勢丹ホールディングス,小売業,TOPIX Mid400,0.1
2026-08-31,3101,東洋紡,化学,TOPIX Small 1,0.0125
2026-08-31,3103,ユニチカ,繊維製品,TOPIX Small 2,0.01
2026-08-31,3104,富士紡ホールディングス,繊維製品,TOPIX Small 2,0.0083
2026-08-31,3105,日清紡ホールディングス,電気機器,TOPIX Mid400,0.0326
2026-08-31,3106,倉敷紡績,繊維製品,TOPIX Small 1,0.0138
2026-08-31,3107,ダイワボウホールディングス,卸売業,TOPIX Mid400,0.0261
2026-08-31,3109,シキボウ,繊維製品,TOPIX Small 2,0.0013
2026-08-31,3110,日東紡績,ガラス・土石製品,TOPIX Small 1,0.0351
2026-08-31,3116,トヨタ紡織,輸送用機器,TOPIX Mid400,0.0193
2026-08-31,3132,マクニカホールディングス,卸売業,TOPIX Mid400,0.0472
2026-08-31,3134,Hamee,小売業,TOPIX Small 2,0.0003
2026-08-31,3139,ラクト・ジャパン,卸売業,TOPIX Small 2,0.0027
2026-08-31,3148,クリエイトSDホールディングス,小売業,TOPIX Small 1,0.0088
2026-08-31,3150,グリムス,電気・ガス業,TOPIX Small 2,0.0015
2026-08-31,3151,バイタルケーエスケー・ホールディングス,卸売業,TOPIX Small 2,0.0042
2026-08-31,3153,八洲電機,卸売業,TOPIX Small 2,0.0043
2026-08-31,3154,メディアスホールディングス,卸売業,TOPIX Small 2,0.0009
2026-08-31,3156,レスター,卸売業,TOPIX Small 2,0.0086
2026-08-31,3167,TOKAIホールディングス,卸売業,TOPIX Small 1,0.0128
2026-08-31,3176,三洋貿易,卸売業,TOPIX Small 2,0.0054
2026-08-31,3179,シュッピン,小売業,TOPIX Small 2,0.0023
2026-08-31,3180,ビューティガレージ,卸売業,TOPIX Small 2,0.0009
2026-08-31,3182,オイシックス,小売業,TOPIX Small 1,0.0045
2026-08-31,3183,ウイン・パートナーズ,卸売業,TOPIX Small 2,0.0017
2026-08-31,3186,ネクステージ,小売業,TOPIX Small 1,0.0159
2026-08-31,3191,ジョイフル本田,小売業,TOPIX Small 1,0.012
2026-08-31,3193,エターナルホスピタリティグループ,小売業,TOPIX Small 2,0.0022
2026-08-31,3196,ホットランドホールディングス,小売業,TOPIX Small 2,0.003
2026-08-31,3197,すかいらーくホールディングス,小売業,TOPIX Mid400,0.084
2026-08-31,3199,綿半ホールディングス,小売業,TOPIX Small 2,0.0019
2026-08-31,3201,日本毛織,繊維製品,TOPIX Small 1,0.0095
2026-08-31,3221,ヨシックスホールディングス,小売業,TOPIX Small 2,0.0018
2026-08-31,3222,ユナイテッド・スーパーマーケット・ホールディングス,小売業,TOPIX Small 1,0.0073
2026-08-31,3231,野村不動産ホールディングス,不動産業,TOPIX Mid400,0.0442
2026-08-31,3232,三重交通グループホールディングス,不動産業,TOPIX Small 2,0.0026
2026-08-31,3245,ディア・ライフ,不動産業,TOPIX Small 2,0.0039
2026-08-31,3252,地主,不動産業,TOPIX Small 2,0.0046
2026-08-31,3267,フィル・カンパニー,建設業,TOPIX Small 2,0.0002
2026-08-31,3276,JPMC,不動産業,TOPIX Small 2,0.0021
2026-08-31,3284,フージャースホールディングス,不動産業,TOPIX Small 2,0.004
2026-08-31,3288,オープンハウスグループ,不動産業,TOPIX Mid400,0.0419
2026-08-31,3289,東急不動産ホールディングス,不動産業,TOPIX Mid400,0.0617
2026-08-31,3291,飯田グループホールディングス,不動産業,TOPIX Mid400,0.0344
2026-08-31,3302,帝国繊維,繊維製品,TOPIX Small 2,0.0052
2026-08-31,3315,日本コークス工業,石油・石炭製品,TOPIX Small 2,0.0018
2026-08-31,3333,あさひ,小売業,TOPIX Small 2,0.002
2026-08-31,3349,コスモス薬品,小売業,TOPIX Mid400,0.0201
2026-08-31,3360,シップヘルスケアホールディングス,卸売業,TOPIX Mid400,0.016
2026-08-31,3371,ソフトクリエイトホールディングス,情報・通信業,TOPIX Small 2,0.0031
2026-08-31,3382,セブン&アイ・ホールディングス,小売業,TOPIX Core30,0.3641
2026-08-31,3387,クリエイト・レストランツ・ホールディングス,小売業,TOPIX Small 1,0.0232
2026-08-31,3388,明治電機工業,卸売業,TOPIX Small 2,0.0019
2026-08-31,3391,ツルハホールディングス,小売業,TOPIX Mid400,0.0659
2026-08-31,3395,サンマルクホールディングス,小売業,TOPIX Small 1,0.0041
2026-08-31,3397,トリドールホールディングス,小売業,TOPIX Mid400,0.0225
2026-08-31,3401,帝人,繊維製品,TOPIX Mid400,0.027
2026-08-31,3402,東レ,繊維製品,TOPIX Mid400,0.15
2026-08-31,3405,クラレ,化学,TOPIX Mid400,0.0433
2026-08-31,3407,旭化成,化学,TOPIX Large70,0.1884
2026-08-31,3415,TOKYO BASE,小売業,TOPIX Small 2,0.001
2026-08-31,3421,稲葉製作所,金属製品,TOPIX Small 2,0.0015
2026-08-31,3431,宮地エンジニアリンググループ,金属製品,TOPIX Small 1,0.0037
2026-08-31,3433,トーカロ,金属製品,TOPIX Small 1,0.0142
2026-08-31,3436,SUMCO,金属製品,TOPIX Mid400,0.1153
2026-08-31,3443,川田テクノロジーズ,金属製品,TOPIX Small 2,0.0056
2026-08-31,3445,RS Technologies,金属製品,TOPIX Small 1,0.0071
2026-08-31,3457,And Doホールディングス,不動産業,TOPIX Small 2,0.0008
2026-08-31,3465,ケイアイスター不動産,不動産業,TOPIX Small 1,0.0051
2026-08-31,3475,グッドコムアセット,不動産業,TOPIX Small 2,0.0025
2026-08-31,3482,ロードスターキャピタル,不動産業,TOPIX Small 2,0.0036
2026-08-31,3496,アズーム,不動産業,TOPIX Small 2,0.002
2026-08-31,3498,霞ヶ関キャピタル,不動産業,TOPIX Small 1,0.0134
2026-08-31,3539,JMホールディングス,小売業,TOPIX Small 2,0.0043
2026-08-31,3543,コメダホールディングス,卸売業,TOPIX Small 1,0.0132
2026-08-31,3547,ユニシアホールディングス,小売業,TOPIX Small 2,0.0009
2026-08-31,3548,バロックジャパンリミテッド,小売業,TOPIX Small 2,0.0015
2026-08-31,3549,クスリのアオキホールディングス,小売業,TOPIX Mid400,0.0178
2026-08-31,3561,力の源ホールディングス,小売業,TOPIX Small 2,0.0022
2026-08-31,3563,FOOD & LIFE COMPANIES,小売業,TOPIX Mid400,0.1234
2026-08-31,3565,アセンテック,卸売業,TOPIX Small 2,0.0011
2026-08-31,3569,セーレン,繊維製品,TOPIX Small 1,0.0131
2026-08-31,3580,小松マテーレ,繊維製品,TOPIX Small 2,0.0018
2026-08-31,3591,ワコールホールディングス,繊維製品,TOPIX Mid400,0.0144
2026-08-31,3608,TSIホールディングス,繊維製品,TOPIX Small 1,0.0057
2026-08-31,3612,ワールド,繊維製品,TOPIX Small 1,0.0093
2026-08-31,3626,TISI,情報・通信業,TOPIX Mid400,0.0701
2026-08-31,3632,グリーホールディングス,情報・通信業,TOPIX Small 2,0.0025
2026-08-31,3633,GMOペパボ,情報・通信業,TOPIX Small 2,0.0006
2026-08-31,3635,コーエーテクモホールディングス,情報・通信業,TOPIX Mid400,0.0185
2026-08-31,3636,三菱総合研究所,情報・通信業,TOPIX Small 1,0.0048
2026-08-31,3649,ファインデックス,情報・通信業,TOPIX Small 2,0.001
2026-08-31,3656,KLab,情報・通信業,TOPIX Small 2,0.0011
2026-08-31,3657,ポールトゥウィンホールディングス,情報・通信業,TOPIX Small 2,0.0009
2026-08-31,3659,ネクソン,情報・通信業,TOPIX Mid400,0.1136
2026-08-31,3660,アイスタイル,情報・通信業,TOPIX Small 1,0.0036
2026-08-31,3661,エムアップホールディングス,情報・通信業,TOPIX Small 1,0.0035
2026-08-31,3662,エイチームホールディングス,情報・通信業,TOPIX Small 2,0.0012
2026-08-31,3663,セルシス,情報・通信業,TOPIX Small 2,0.0044
2026-08-31,3665,エニグモ,情報・通信業,TOPIX Small 2,0.0008
2026-08-31,3668,コロプラ,情報・通信業,TOPIX Small 1,0.0026
2026-08-31,3673,ブロードリーフ,情報・通信業,TOPIX Small 1,0.0057
2026-08-31,3676,デジタルハーツホールディングス,情報・通信業,TOPIX Small 2,0.0011
2026-08-31,3678,メディアドゥ,情報・通信業,TOPIX Small 2,0.0008
2026-08-31,3679,じげん,情報・通信業,TOPIX Small 2,0.0023
2026-08-31,3687,フィックスターズ,情報・通信業,TOPIX Small 2,0.0055
2026-08-31,368A,北里,精密機器,TOPIX Small 2,0.0027
2026-08-31,3694,オプティム,情報・通信業,TOPIX Small 2,0.0008
2026-08-31,3696,セレス,情報・通信業,TOPIX Small 2,0.0017
2026-08-31,3697,SHIFT,情報・通信業,TOPIX Mid400,0.0165
2026-08-31,3708,特種東海製紙,パルプ・紙,TOPIX Small 2,0.0066
2026-08-31,3741,セック,情報・通信業,TOPIX Small 2,0.0017
2026-08-31,3762,テクマトリックス,情報・通信業,TOPIX Small 1,0.0085
2026-08-31,3763,プロシップ,情報・通信業,TOPIX Small 2,0.0031
2026-08-31,3765,ガンホー・オンライン・エンターテイメント,情報・通信業,TOPIX Small 1,0.0092
2026-08-31,3769,GMOペイメントゲートウェイ,情報・通信業,TOPIX Mid400,0.0373
2026-08-31,3771,システムリサーチ,情報・通信業,TOPIX Small 2,0.0025
2026-08-31,3774,インターネットイニシアティブ,情報・通信業,TOPIX Mid400,0.0321
2026-08-31,3778,さくらインターネット,情報・通信業,TOPIX Small 1,0.0095
2026-08-31,3788,GMOグローバルサイン・ホールディングス,情報・通信業,TOPIX Small 2,0.0011
2026-08-31,3817,SRAホールディングス,情報・通信業,TOPIX Small 2,0.0049
2026-08-31,3834,朝日ネット,情報・通信業,TOPIX Small 2,0.0012
2026-08-31,3835,eBASE,情報・通信業,TOPIX Small 2,0.0009
2026-08-31,3836,アバントグループ,情報・通信業,TOPIX Small 2,0.0022
2026-08-31,3837,アドソル日進,情報・通信業,TOPIX Small 2,0.0019
2026-08-31,3843,フリービット,情報・通信業,TOPIX Small 2,0.0016
2026-08-31,3844,コムチュア,情報・通信業,TOPIX Small 1,0.0031
2026-08-31,3853,アステリア,情報・通信業,TOPIX Small 2,0.0016
2026-08-31,3854,アイル,情報・通信業,TOPIX Small 2,0.0029
2026-08-31,3861,王子ホールディングス,パルプ・紙,TOPIX Mid400,0.0521
2026-08-31,3863,日本製紙,パルプ・紙,TOPIX Small 1,0.0138
2026-08-31,3865,北越コーポレーション,パルプ・紙,TOPIX Small 1,0.0078
2026-08-31,3880,大王製紙,パルプ・紙,TOPIX Small 1,0.0086
2026-08-31,3901,マークラインズ,情報・通信業,TOPIX Small 2,0.0016
2026-08-31,3903,gumi,情報・通信業,TOPIX Small 2,0.0009
2026-08-31,3915,テラスカイ,情報・通信業,TOPIX Small 2,0.0014
2026-08-31,3916,デジタル・インフォメーション・テクノロジー,情報・通信業,TOPIX Small 2,0.0017
2026-08-31,3921,ネオジャパン,情報・通信業,TOPIX Small 2,0.0008
2026-08-31,3922,PR TIMES,情報・通信業,TOPIX Small 2,0.0008
2026-08-31,3923,ラクス,情報・通信業,TOPIX Mid400,0.0186
2026-08-31,3925,ダブルスタンダード,情報・通信業,TOPIX Small 2,0.0009
2026-08-31,3926,オープンドア,情報・通信業,TOPIX Small 2,0.0004
2026-08-31,3932,アカツキ,情報・通信業,TOPIX Small 2,0.0033
2026-08-31,3937,Ubicomホールディングス,情報・通信業,TOPIX Small 2,0.0007
2026-08-31,3939,カナミックネットワーク,情報・通信業,TOPIX Small 2,0.0012
2026-08-31,3941,レンゴー,パルプ・紙,TOPIX Mid400,0.0285
2026-08-31,3946,トーモク,パルプ・紙,TOPIX Small 2,0.0044
2026-08-31,3950,ザ・パック,パルプ・紙,TOPIX Small 2,0.0059
2026-08-31,3962,チェンジホールディングス,情報・通信業,TOPIX Small 1,0.0034
2026-08-31,3964,オークネット,情報・通信業,TOPIX Small 2,0.0054
2026-08-31,3983,オロ,情報・通信業,TOPIX Small 2,0.0013
2026-08-31,3984,ユーザーローカル,情報・通信業,TOPIX Small 2,0.0012
2026-08-31,3993,PKSHA Technology,情報・通信業,TOPIX Small 1,0.0061
2026-08-31,3994,マネーフォワード,情報・通信業,TOPIX Mid400,0.0278
2026-08-31,4004,レゾナック・ホールディングス,化学,TOPIX Mid400,0.2541
2026-08-31,4005,住友化学,化学,TOPIX Mid400,0.0796
2026-08-31,4008,住友精化,化学,TOPIX Small 1,0.0051
2026-08-31,4021,日産化学,化学,TOPIX Mid400,0.0715
2026-08-31,4022,ラサ工業,化学,TOPIX Small 2,0.0061
2026-08-31,4023,クレハ,化学,TOPIX Small 1,0.0094
2026-08-31,4025,多木化学,化学,TOPIX Small 2,0.0044
2026-08-31,4027,テイカ,化学,TOPIX Small 2,0.0029
2026-08-31,4028,石原産業,化学,TOPIX Small 1,0.0092
2026-08-31,4041,日本曹達,化学,TOPIX Small 1,0.0143
2026-08-31,4042,東ソー,化学,TOPIX Mid400,0.0672
2026-08-31,4043,トクヤマ,化学,TOPIX Mid400,0.0244
2026-08-31,4044,セントラル硝子,化学,TOPIX Small 1,0.01
2026-08-31,4045,東亞合成,化学,TOPIX Mid400,0.0144
2026-08-31,4046,大阪ソーダ,化学,TOPIX Small 1,0.0127
2026-08-31,4047,関東電化工業,化学,TOPIX Small 1,0.0077
2026-08-31,4051,GMOフィナンシャルゲート,情報・通信業,TOPIX Small 2,0.0021
2026-08-31,4053,Sun Asterisk,情報・通信業,TOPIX Small 2,0.0007
2026-08-31,4061,デンカ,化学,TOPIX Mid400,0.0231
2026-08-31,4062,イビデン,電気機器,TOPIX Mid400,0.4492
2026-08-31,4063,信越化学工業,化学,TOPIX Core30,0.9259
2026-08-31,4064,日本カーバイド工業,化学,TOPIX Small 2,0.0029
2026-08-31,4071,プラスアルファ・コンサルティング,情報・通信業,TOPIX Small 1,0.0055
2026-08-31,4072,電算システムホールディングス,情報・通信業,TOPIX Small 2,0.0026
2026-08-31,4078,堺化学工業,化学,TOPIX Small 1,0.0058
2026-08-31,4082,第一稀元素化学工業,化学,TOPIX Small 2,0.0046
2026-08-31,4091,日本酸素ホールディングス,化学,TOPIX Mid400,0.1111
2026-08-31,4092,日本化学工業,化学,TOPIX Small 2,0.0038
2026-08-31,4095,日本パーカライジング,化学,TOPIX Small 1,0.015
2026-08-31,4097,高圧ガス工業,化学,TOPIX Small 2,0.0031
2026-08-31,4099,四国化成ホールディングス,化学,TOPIX Small 2,0.0084
2026-08-31,409A,オリオンビール,食料品,TOPIX Small 2,0.0046
2026-08-31,4100,戸田工業,化学,TOPIX Small 2,0.0007
2026-08-31,4109,ステラ ケミファ,化学,TOPIX Small 1,0.005
2026-08-31,4112,保土谷化学工業,化学,TOPIX Small 2,0.0024
2026-08-31,4114,日本触媒,化学,TOPIX Mid400,0.0285
2026-08-31,4116,大日精化工業,化学,TOPIX Small 2,0.0065
2026-08-31,4118,カネカ,化学,TOPIX Mid400,0.0254
2026-08-31,4151,協和キリン,医薬品,TOPIX Mid400,0.0535
2026-08-31,417A,ブルーゾーンホールディングス,小売業,TOPIX Mid400,0.02
2026-08-31,4180,Appier Group,情報・通信業,TOPIX Small 1,0.0105
2026-08-31,4182,三菱瓦斯化学,化学,TOPIX Mid400,0.0489
2026-08-31,4183,三井化学,化学,TOPIX Mid400,0.068
2026-08-31,4186,東京応化工業,化学,TOPIX Mid400,0.071
2026-08-31,4187,大阪有機化学工業,化学,TOPIX Small 1,0.0065
2026-08-31,4188,三菱ケミカルグループ,化学,TOPIX Large70,0.1458
2026-08-31,4189,KHネオケム,化学,TOPIX Small 1,0.0108
2026-08-31,4194,ビジョナル,情報・通信業,TOPIX Mid400,0.0223
2026-08-31,4202,ダイセル,化学,TOPIX Mid400,0.027
2026-08-31,4203,住友ベークライト,化学,TOPIX Mid400,0.0427
2026-08-31,4204,積水化学工業,化学,TOPIX Mid400,0.0903
2026-08-31,4205,日本ゼオン,化学,TOPIX Mid400,0.0306
2026-08-31,4206,アイカ工業,化学,TOPIX Mid400,0.0181
2026-08-31,4208,UBE,化学,TOPIX Mid400,0.0318
2026-08-31,4212,積水樹脂,化学,TOPIX Small 1,0.006
2026-08-31,4216,旭有機材,化学,TOPIX Small 1,0.0068
2026-08-31,4218,ニチバン,化学,TOPIX Small 2,0.0021
2026-08-31,4220,リケンテクノス,化学,TOPIX Small 2,0.0078
2026-08-31,4221,大倉工業,化学,TOPIX Small 2,0.005
2026-08-31,4228,積水化成品工業,化学,TOPIX Small 2,0.0017
2026-08-31,4229,群栄化学工業,化学,TOPIX Small 2,0.0018
2026-08-31,4246,ダイキョーニシカワ,化学,TOPIX Small 2,0.0042
2026-08-31,4249,森六,化学,TOPIX Small 2,0.0027
2026-08-31,4251,恵和,化学,TOPIX Small 2,0.0013
2026-08-31,4272,日本化薬,化学,TOPIX Mid400,0.0241
2026-08-31,4275,カーリット,化学,TOPIX Small 2,0.0031
2026-08-31,4286,CLホールディングス,サービス業,TOPIX Small 2,0.0007
2026-08-31,4290,プレステージ・インターナショナル,サービス業,TOPIX Small 1,0.0047
2026-08-31,4299,ハイマックス,情報・通信業,TOPIX Small 2,0.0006
2026-08-31,429A,テクセンドフォトマスク,その他製品,TOPIX Small 2,0.0241
2026-08-31,4301,アミューズ,サービス業,TOPIX Small 2,0.0018
2026-08-31,4307,野村総合研究所,情報・通信業,TOPIX Large70,0.1725
2026-08-31,4310,ドリームインキュベータ,サービス業,TOPIX Small 2,0.0014
2026-08-31,4318,クイック,サービス業,TOPIX Small 2,0.0038
2026-08-31,4323,日本システム技術,情報・通信業,TOPIX Small 2,0.0032
2026-08-31,4324,電通グループ,サービス業,TOPIX Mid400,0.0762
2026-08-31,4326,インテージホールディングス,情報・通信業,TOPIX Small 2,0.0028
2026-08-31,4331,テイクアンドギヴ・ニーズ,サービス業,TOPIX Small 2,0.0006
2026-08-31,4337,ぴあ,サービス業,TOPIX Small 2,0.0022
2026-08-31,4343,イオンファンタジー,サービス業,TOPIX Small 2,0.0022
2026-08-31,4344,ソースネクスト,情報・通信業,TOPIX Small 2,0.0011
2026-08-31,4345,シーティーエス,サービス業,TOPIX Small 2,0.0018
2026-08-31,4350,メディカルシステムネットワーク,小売業,TOPIX Small 2,0.0009
2026-08-31,4362,日本精化,化学,TOPIX Small 2,0.003
2026-08-31,4368,扶桑化学工業,化学,TOPIX Small 1,0.0165
2026-08-31,4369,トリケミカル研究所,化学,TOPIX Small 1,0.0065
2026-08-31,4373,シンプレクス・ホールディングス,情報・通信業,TOPIX Small 1,0.0172
2026-08-31,4382,HEROZ,情報・通信業,TOPIX Small 2,0.0005
2026-08-31,4385,メルカリ,情報・通信業,TOPIX Mid400,0.0345
2026-08-31,4390,アイ・ピー・エス,情報・通信業,TOPIX Small 2,0.0021
2026-08-31,4396,システムサポートホールディングス,情報・通信業,TOPIX Small 2,0.0021
2026-08-31,4401,ADEKA,化学,TOPIX Mid400,0.0298
2026-08-31,4403,日油,化学,TOPIX Mid400,0.0538
2026-08-31,4410,ハリマ化成グループ,化学,TOPIX Small 2,0.0015
2026-08-31,4413,ボードルア,情報・通信業,TOPIX Small 2,0.0037
2026-08-31,441A,NE,情報・通信業,TOPIX Small 2,0.0005
2026-08-31,4420,イーソル,情報・通信業,TOPIX Small 2,0.0012
2026-08-31,4432,ウイングアーク1st,情報・通信業,TOPIX Small 1,0.0062
2026-08-31,4433,ヒト・コミュニケーションズ・ホールディングス,サービス業,TOPIX Small 2,0.0005
2026-08-31,4434,サーバーワークス,情報・通信業,TOPIX Small 2,0.0009
2026-08-31,4443,Sansan,情報・通信業,TOPIX Small 1,0.0133
2026-08-31,4452,花王,化学,TOPIX Large70,0.2984
2026-08-31,4461,第一工業製薬,化学,TOPIX Small 2,0.0095
2026-08-31,4462,石原ケミカル,化学,TOPIX Small 2,0.0022
2026-08-31,4471,三洋化成工業,化学,TOPIX Small 1,0.0068
2026-08-31,4480,メドレー,情報・通信業,TOPIX Small 1,0.0059
2026-08-31,4481,ベース,情報・通信業,TOPIX Small 2,0.0025
2026-08-31,4483,JMDC,情報・通信業,TOPIX Small 1,0.009
2026-08-31,4502,武田薬品工業,医薬品,TOPIX Core30,0.8881
2026-08-31,4503,アステラス製薬,医薬品,TOPIX Large70,0.3601
2026-08-31,4506,住友ファーマ,医薬品,TOPIX Mid400,0.027
2026-08-31,4507,塩野義製薬,医薬品,TOPIX Large70,0.1838
2026-08-31,4516,日本新薬,医薬品,TOPIX Mid400,0.0161
2026-08-31,4519,中外製薬,医薬品,TOPIX Large70,0.3746
2026-08-31,4521,科研製薬,医薬品,TOPIX Small 1,0.0103
2026-08-31,4523,エーザイ,医薬品,TOPIX Mid400,0.1071
2026-08-31,4526,理研ビタミン,食料品,TOPIX Small 2,0.0051
2026-08-31,4527,ロート製薬,医薬品,TOPIX Mid400,0.0559
2026-08-31,4528,小野薬品工業,医薬品,TOPIX Mid400,0.0946
2026-08-31,4534,持田製薬,医薬品,TOPIX Small 2,0.0069
2026-08-31,4536,参天製薬,医薬品,TOPIX Mid400,0.0546
2026-08-31,4538,扶桑薬品工業,医薬品,TOPIX Small 2,0.0015
2026-08-31,4540,ツムラ,医薬品,TOPIX Mid400,0.0225
2026-08-31,4543,テルモ,精密機器,TOPIX Large70,0.2885
2026-08-31,4544,H.U.グループホールディングス,サービス業,TOPIX Mid400,0.0201
2026-08-31,4547,キッセイ薬品工業,医薬品,TOPIX Small 1,0.0111
2026-08-31,4548,生化学工業,医薬品,TOPIX Small 2,0.0021
2026-08-31,4549,栄研化学,医薬品,TOPIX Small 1,0.0057
2026-08-31,4552,JCRファーマ,医薬品,TOPIX Small 1,0.0039
2026-08-31,4553,東和薬品,医薬品,TOPIX Small 1,0.0091
2026-08-31,4554,富士製薬工業,医薬品,TOPIX Small 2,0.0025
2026-08-31,4559,ゼリア新薬工業,医薬品,TOPIX Small 1,0.0046
2026-08-31,4565,ネクセラファーマ,医薬品,TOPIX Small 1,0.0095
2026-08-31,4568,第一三共,医薬品,TOPIX Core30,0.4451
2026-08-31,4569,杏林製薬,医薬品,TOPIX Small 1,0.0041
2026-08-31,4574,大幸薬品,医薬品,TOPIX Small 2,0.001
2026-08-31,4577,ダイト,医薬品,TOPIX Small 2,0.0027
2026-08-31,4578,大塚ホールディングス,医薬品,TOPIX Large70,0.5151
2026-08-31,4587,ペプチドリーム,医薬品,TOPIX Mid400,0.0101
2026-08-31,4611,大日本塗料,化学,TOPIX Small 2,0.0031
2026-08-31,4612,日本ペイントホールディングス,化学,TOPIX Mid400,0.1109
2026-08-31,4613,関西ペイント,化学,TOPIX Mid400,0.0397
2026-08-31,4617,中国塗料,化学,TOPIX Small 1,0.0128
2026-08-31,4620,藤倉化成,化学,TOPIX Small 2,0.0019
2026-08-31,4626,太陽ホールディングス,化学,TOPIX Mid400,0.0392
2026-08-31,4631,DIC,化学,TOPIX Mid400,0.034
2026-08-31,4633,サカタインクス,化学,TOPIX Small 1,0.0104
2026-08-31,4634,artience,化学,TOPIX Small 1,0.0151
2026-08-31,4641,アルプス技研,サービス業,TOPIX Small 2,0.0043
2026-08-31,4651,サニックスホールディングス,サービス業,TOPIX Small 2,0.0006
2026-08-31,4658,日本空調サービス,サービス業,TOPIX Small 2,0.003
2026-08-31,4661,オリエンタルランド,サービス業,TOPIX Large70,0.3163
2026-08-31,4662,フォーカスシステムズ,情報・通信業,TOPIX Small 2,0.002
2026-08-31,4665,ダスキン,サービス業,TOPIX Mid400,0.019
2026-08-31,4666,パーク24,不動産業,TOPIX Mid400,0.0244
2026-08-31,4668,明光ネットワークジャパン,サービス業,TOPIX Small 2,0.0017
2026-08-31,4671,ファルコホールディングス,サービス業,TOPIX Small 2,0.002
2026-08-31,4674,クレスコ,情報・通信業,TOPIX Small 2,0.0061
2026-08-31,4676,フジ・メディア・ホールディングス,情報・通信業,TOPIX Mid400,0.0571
2026-08-31,4680,ラウンドワン,サービス業,TOPIX Mid400,0.0227
2026-08-31,4681,リゾートトラスト,サービス業,TOPIX Mid400,0.0318
2026-08-31,4684,オービック,情報・通信業,TOPIX Mid400,0.1615
2026-08-31,4686,ジャストシステム,情報・通信業,TOPIX Small 1,0.0106
2026-08-31,4687,TDCソフト,情報・通信業,TOPIX Small 2,0.0034
2026-08-31,4689,LINEヤフー,情報・通信業,TOPIX Large70,0.1482
2026-08-31,4694,ビー・エム・エル,サービス業,TOPIX Small 1,0.0087
2026-08-31,4704,トレンドマイクロ,情報・通信業,TOPIX Mid400,0.0545
2026-08-31,4709,IDホールディングス,情報・通信業,TOPIX Small 2,0.0024
2026-08-31,4714,リソー教育グループ,サービス業,TOPIX Small 2,0.0012
2026-08-31,4716,日本オラクル,情報・通信業,TOPIX Mid400,0.0312
2026-08-31,4718,早稲田アカデミー,サービス業,TOPIX Small 2,0.0022
2026-08-31,4719,アルファシステムズ,情報・通信業,TOPIX Small 2,0.0019
2026-08-31,471A,NSグループ,その他金融業,TOPIX Small 2,0.005
2026-08-31,4722,フューチャー,情報・通信業,TOPIX Small 1,0.0105
2026-08-31,4725,CAC Holdings,情報・通信業,TOPIX Small 2,0.0024
2026-08-31,4732,ユー・エス・エス,サービス業,TOPIX Mid400,0.0671
2026-08-31,4733,オービックビジネスコンサルタント,情報・通信業,TOPIX Mid400,0.0256
2026-08-31,4743,アイティフォー,情報・通信業,TOPIX Small 2,0.003
2026-08-31,4746,東計電算,情報・通信業,TOPIX Small 2,0.0043
2026-08-31,4751,サイバーエージェント,サービス業,TOPIX Mid400,0.0532
2026-08-31,4755,楽天グループ,サービス業,TOPIX Mid400,0.1093
2026-08-31,4763,クリーク・アンド・リバー社,サービス業,TOPIX Small 2,0.0016
2026-08-31,4765,SBIグローバルアセットマネジメント,サービス業,TOPIX Small 2,0.0022
2026-08-31,4767,テー・オー・ダブリュー,サービス業,TOPIX Small 2,0.0014
2026-08-31,4768,大塚商会,情報・通信業,TOPIX Mid400,0.0708
2026-08-31,4776,サイボウズ,情報・通信業,TOPIX Small 1,0.0078
2026-08-31,4784,GMOインターネット,サービス業,TOPIX Small 2,0.0044
2026-08-31,4792,山田コンサルティンググループ,サービス業,TOPIX Small 2,0.0014
2026-08-31,4801,セントラルスポーツ,サービス業,TOPIX Small 2,0.0018
2026-08-31,4809,パラカ,不動産業,TOPIX Small 2,0.0012
2026-08-31,4812,電通総研,情報・通信業,TOPIX Small 1,0.0216
2026-08-31,4819,デジタルガレージ,情報・通信業,TOPIX Small 1,0.0057
2026-08-31,4820,イーエムシステムズ,情報・通信業,TOPIX Small 2,0.0016
2026-08-31,4825,ウェザーニューズ,情報・通信業,TOPIX Small 1,0.0052
2026-08-31,4826,CIJ,情報・通信業,TOPIX Small 2,0.0023
2026-08-31,4828,ビジネスエンジニアリング,情報・通信業,TOPIX Small 2,0.003
2026-08-31,4839,WOWOW,情報・通信業,TOPIX Small 2,0.0013
2026-08-31,4845,スカラ,情報・通信業,TOPIX Small 2,0.0006
2026-08-31,4848,フルキャストホールディングス,サービス業,TOPIX Small 2,0.003
2026-08-31,4849,エン,サービス業,TOPIX Small 1,0.0049
2026-08-31,4880,セルソース,医薬品,TOPIX Small 2,0.0004
2026-08-31,4886,あすか製薬ホールディングス,医薬品,TOPIX Small 2,0.0035
2026-08-31,4887,サワイグループホールディングス,医薬品,TOPIX Mid400,0.0143
2026-08-31,4901,富士フイルムホールディングス,化学,TOPIX Large70,0.351
2026-08-31,4902,コニカミノルタ,電気機器,TOPIX Mid400,0.026
2026-08-31,4911,資生堂,化学,TOPIX Mid400,0.1443
2026-08-31,4912,ライオン,化学,TOPIX Mid400,0.0412
2026-08-31,4914,高砂香料工業,化学,TOPIX Small 1,0.0088
2026-08-31,4919,ミルボン,化学,TOPIX Small 1,0.009
2026-08-31,4922,コーセーホールディングス,化学,TOPIX Mid400,0.0206
2026-08-31,4923,コタ,化学,TOPIX Small 2,0.0024
2026-08-31,4927,ポーラ・オルビスホールディングス,化学,TOPIX Mid400,0.0145
2026-08-31,4928,ノエビアホールディングス,化学,TOPIX Small 1,0.0076
2026-08-31,4931,新日本製薬,化学,TOPIX Small 2,0.0021
2026-08-31,4933,I-ne,化学,TOPIX Small 2,0.0014
2026-08-31,4936,アクシージア,化学,TOPIX Small 2,0.0003
2026-08-31,4951,エステー,化学,TOPIX Small 2,0.0025
2026-08-31,4956,コニシ,化学,TOPIX Small 2,0.0079
2026-08-31,4958,長谷川香料,化学,TOPIX Small 1,0.0111
2026-08-31,4967,小林製薬,化学,TOPIX Mid400,0.0287
2026-08-31,4968,荒川化学工業,化学,TOPIX Small 2,0.0031
2026-08-31,4971,メック,化学,TOPIX Small 1,0.0093
2026-08-31,4973,日本高純度化学,化学,TOPIX Small 2,0.0021
2026-08-31,4975,JCU,化学,TOPIX Small 1,0.0101
2026-08-31,4979,OATアグリオ,化学,TOPIX Small 2,0.0018
2026-08-31,4980,デクセリアルズ,化学,TOPIX Mid400,0.0451
2026-08-31,4985,アース製薬,化学,TOPIX Small 1,0.0078
2026-08-31,4992,北興化学工業,化学,TOPIX Small 2,0.0029
2026-08-31,4994,大成ラミックグループ,化学,TOPIX Small 2,0.0014
2026-08-31,4996,クミアイ化学工業,化学,TOPIX Small 1,0.006
2026-08-31,4997,日本農薬,化学,TOPIX Small 2,0.0034
2026-08-31,5011,ニチレキグループ,石油・石炭製品,TOPIX Small 2,0.0041
2026-08-31,5013,ユシロ,石油・石炭製品,TOPIX Small 2,0.0027
2026-08-31,5016,JX金属,非鉄金属,TOPIX Mid400,0.2561
2026-08-31,5019,出光興産,石油・石炭製品,TOPIX Mid400,0.1009
2026-08-31,5020,ENEOSホールディングス,石油・石炭製品,TOPIX Large70,0.3275
2026-08-31,5021,コスモエネルギーホールディングス,石油・石炭製品,TOPIX Mid400,0.041
2026-08-31,5032,ANYCOLOR,情報・通信業,TOPIX Small 1,0.0084
2026-08-31,5036,日本ビジネスシステムズ,情報・通信業,TOPIX Small 2,0.0031
2026-08-31,5074,テスホールディングス,建設業,TOPIX Small 2,0.003
2026-08-31,5076,インフロニア・ホールディングス,建設業,TOPIX Mid400,0.0506
2026-08-31,5101,横浜ゴム,ゴム製品,TOPIX Mid400,0.0638
2026-08-31,5105,TOYO TIRE,ゴム製品,TOPIX Mid400,0.045
2026-08-31,5108,ブリヂストン,ゴム製品,TOPIX Large70,0.3925
2026-08-31,5110,住友ゴム工業,ゴム製品,TOPIX Mid400,0.0343
2026-08-31,5121,藤倉コンポジット,ゴム製品,TOPIX Small 2,0.0039
2026-08-31,5122,オカモト,ゴム製品,TOPIX Small 2,0.0059
2026-08-31,5142,アキレス,化学,TOPIX Small 2,0.0017
2026-08-31,5185,フコク,ゴム製品,TOPIX Small 2,0.0017
2026-08-31,5186,ニッタ,ゴム製品,TOPIX Small 2,0.0115
2026-08-31,5192,三ツ星ベルト,ゴム製品,TOPIX Small 1,0.0098
2026-08-31,5195,バンドー化学,ゴム製品,TOPIX Small 2,0.0064
2026-08-31,5201,AGC,ガラス・土石製品,TOPIX Mid400,0.1047
2026-08-31,5202,日本板硝子,ガラス・土石製品,TOPIX Small 1,0.005
2026-08-31,5208,有沢製作所,化学,TOPIX Small 1,0.0083
2026-08-31,5214,日本電気硝子,ガラス・土石製品,TOPIX Mid400,0.028
2026-08-31,5218,オハラ,ガラス・土石製品,TOPIX Small 2,0.0014
2026-08-31,5232,住友大阪セメント,ガラス・土石製品,TOPIX Mid400,0.0165
2026-08-31,5233,太平洋セメント,ガラス・土石製品,TOPIX Mid400,0.0453
2026-08-31,5262,日本ヒューム,ガラス・土石製品,TOPIX Small 1,0.0035
2026-08-31,5269,日本コンクリート工業,ガラス・土石製品,TOPIX Small 2,0.0013
2026-08-31,5273,三谷セキサン,ガラス・土石製品,TOPIX Small 2,0.0061
2026-08-31,5288,アジアパイルホールディングス,ガラス・土石製品,TOPIX Small 2,0.0042
2026-08-31,5301,東海カーボン,ガラス・土石製品,TOPIX Mid400,0.0315
2026-08-31,5302,日本カーボン,ガラス・土石製品,TOPIX Small 1,0.0052
2026-08-31,5310,東洋炭素,ガラス・土石製品,TOPIX Small 1,0.0102
2026-08-31,5331,ノリタケ,ガラス・土石製品,TOPIX Small 1,0.0134
2026-08-31,5332,TOTO,ガラス・土石製品,TOPIX Mid400,0.0688
2026-08-31,5333,NGK,ガラス・土石製品,TOPIX Mid400,0.0982
2026-08-31,5334,日本特殊陶業,ガラス・土石製品,TOPIX Mid400,0.1181
2026-08-31,5344,MARUWA,ガラス・土石製品,TOPIX Mid400,0.0382
2026-08-31,5351,品川リフラ,ガラス・土石製品,TOPIX Small 1,0.0044
2026-08-31,5357,ヨータイ,ガラス・土石製品,TOPIX Small 2,0.0018
2026-08-31,5384,フジミインコーポレーテッド,ガラス・土石製品,TOPIX Small 1,0.0184
2026-08-31,5393,ニチアス,ガラス・土石製品,TOPIX Mid400,0.0472
2026-08-31,5401,日本製鉄,鉄鋼,TOPIX Large70,0.3252
2026-08-31,5406,神戸製鋼所,鉄鋼,TOPIX Mid400,0.0723
2026-08-31,5408,中山製鋼所,鉄鋼,TOPIX Small 2,0.0023
2026-08-31,5410,合同製鐵,鉄鋼,TOPIX Small 1,0.003
2026-08-31,5411,JFEホールディングス,鉄鋼,TOPIX Mid400,0.1067
2026-08-31,5423,東京製鐵,鉄鋼,TOPIX Small 1,0.0086
2026-08-31,543A,ARCHION,輸送用機器,TOPIX Small 1,0.0072
2026-08-31,5440,共英製鋼,鉄鋼,TOPIX Small 1,0.0042
2026-08-31,5444,大和工業,鉄鋼,TOPIX Mid400,0.04
2026-08-31,5445,東京鐵鋼,鉄鋼,TOPIX Small 1,0.004
2026-08-31,5449,大阪製鐵,鉄鋼,TOPIX Small 2,0.0023
2026-08-31,544A,GMSグループ,機械,TOPIX Small 2,0.0008
2026-08-31,5451,ヨドコウ,鉄鋼,TOPIX Small 1,0.0144
2026-08-31,545A,トランヴィア,情報・通信業,TOPIX Small 2,0.001
2026-08-31,5461,中部鋼鈑,鉄鋼,TOPIX Small 1,0.0035
2026-08-31,5463,丸一鋼管,鉄鋼,TOPIX Mid400,0.0315
2026-08-31,5464,モリ工業,鉄鋼,TOPIX Small 2,0.0019
2026-08-31,546A,MIRAINIホールディングス,卸売業,TOPIX Small 2,0.0066
2026-08-31,5471,大同特殊鋼,鉄鋼,TOPIX Mid400,0.0289
2026-08-31,547A,ムニノバホールディングス,その他金融業,TOPIX Small 1,0.0125
2026-08-31,5480,日本冶金工業,鉄鋼,TOPIX Small 1,0.0066
2026-08-31,5482,愛知製鋼,鉄鋼,TOPIX Small 1,0.0109
2026-08-31,5541,大平洋金属,鉄鋼,TOPIX Small 2,0.004
2026-08-31,5563,新日本電工,鉄鋼,TOPIX Small 1,0.0039
2026-08-31,5602,栗本鐵工所,鉄鋼,TOPIX Small 1,0.0074
2026-08-31,5631,日本製鋼所,機械,TOPIX Mid400,0.039
2026-08-31,5632,三菱製鋼,鉄鋼,TOPIX Small 2,0.003
2026-08-31,5659,日本精線,鉄鋼,TOPIX Small 2,0.002
2026-08-31,5698,エンビプロ・ホールディングス,鉄鋼,TOPIX Small 2,0.0012
2026-08-31,5702,大紀アルミニウム工業所,非鉄金属,TOPIX Small 1,0.0048
2026-08-31,5703,日本軽金属ホールディングス,非鉄金属,TOPIX Small 1,0.0158
2026-08-31,5706,三井金属,非鉄金属,TOPIX Mid400,0.1305
2026-08-31,5707,東邦亜鉛,非鉄金属,TOPIX Small 2,0.0018
2026-08-31,5711,三菱マテリアル,非鉄金属,TOPIX Mid400,0.0672
2026-08-31,5713,住友金属鉱山,非鉄金属,TOPIX Mid400,0.2712
2026-08-31,5714,DOWAホールディングス,非鉄金属,TOPIX Mid400,0.048
2026-08-31,5715,古河機械金属,非鉄金属,TOPIX Small 1,0.0084
2026-08-31,5726,大阪チタニウムテクノロジーズ,非鉄金属,TOPIX Small 1,0.0082
2026-08-31,5741,UACJ,非鉄金属,TOPIX Small 1,0.0252
2026-08-31,5757,CKサンエツ,非鉄金属,TOPIX Small 2,0.0023
2026-08-31,575A,前澤ホールディングス,機械,TOPIX Small 2,0.0024
2026-08-31,5801,古河電気工業,非鉄金属,TOPIX Mid400,0.2383
2026-08-31,5802,住友電気工業,非鉄金属,TOPIX Large70,0.5462
2026-08-31,5803,フジクラ,非鉄金属,TOPIX Large70,0.7567
2026-08-31,5805,SWCC,非鉄金属,TOPIX Small 1,0.0387
2026-08-31,5821,平河ヒューテック,非鉄金属,TOPIX Small 2,0.0035
2026-08-31,5830,いよぎんホールディングス,銀行業,TOPIX Mid400,0.0894
2026-08-31,5831,しずおかフィナンシャルグループ,銀行業,TOPIX Mid400,0.1381
2026-08-31,5832,ちゅうぎんフィナンシャルグループ,銀行業,TOPIX Mid400,0.0511
2026-08-31,5838,楽天銀行,銀行業,TOPIX Mid400,0.0578
2026-08-31,5844,京都フィナンシャルグループ,銀行業,TOPIX Mid400,0.1164
2026-08-31,5851,リョービ,非鉄金属,TOPIX Small 1,0.0063
2026-08-31,5857,AREホールディングス,非鉄金属,TOPIX Small 1,0.031
2026-08-31,5889,Japan Eyewear Holdings,小売業,TOPIX Small 2,0.0021
2026-08-31,5901,東洋製罐グループホールディングス,金属製品,TOPIX Mid400,0.0401
2026-08-31,5902,ホッカンホールディングス,金属製品,TOPIX Small 2,0.0026
2026-08-31,5909,コロナ,金属製品,TOPIX Small 2,0.001
2026-08-31,590A,ギフティグループ,情報・通信業,TOPIX Small 2,0.0023
2026-08-31,5911,横河ブリッジホールディングス,金属製品,TOPIX Small 1,0.0091
2026-08-31,5929,三和ホールディングス,金属製品,TOPIX Mid400,0.0617
2026-08-31,5930,文化シヤッター,金属製品,TOPIX Small 1,0.0107
2026-08-31,5932,三協立山,金属製品,TOPIX Small 2,0.0015
2026-08-31,5933,アルインコ,金属製品,TOPIX Small 2,0.0015
2026-08-31,5938,LIXIL,金属製品,TOPIX Mid400,0.0493
2026-08-31,5943,ノーリツ,金属製品,TOPIX Small 1,0.0076
2026-08-31,5946,長府製作所,金属製品,TOPIX Small 2,0.0037
2026-08-31,5947,リンナイ,金属製品,TOPIX Mid400,0.033
2026-08-31,5949,ユニプレス,輸送用機器,TOPIX Small 1,0.0043
2026-08-31,5957,日東精工,金属製品,TOPIX Small 2,0.0024
2026-08-31,5959,岡部,金属製品,TOPIX Small 2,0.0032
2026-08-31,5970,ジーテクト,金属製品,TOPIX Small 1,0.0053
2026-08-31,5975,東プレ,金属製品,TOPIX Small 1,0.0106
2026-08-31,5976,高周波熱錬,金属製品,TOPIX Small 2,0.0039
2026-08-31,5981,東京製綱,金属製品,TOPIX Small 2,0.002
2026-08-31,5985,サンコール,金属製品,TOPIX Small 2,0.0037
2026-08-31,5988,パイオラックス,金属製品,TOPIX Small 1,0.0033
2026-08-31,5989,エイチワン,金属製品,TOPIX Small 2,0.0028
2026-08-31,5991,日本発條,金属製品,TOPIX Mid400,0.0461
2026-08-31,5992,中央発條,金属製品,TOPIX Small 2,0.0043
2026-08-31,6005,三浦工業,機械,TOPIX Mid400,0.026
2026-08-31,6013,タクマ,機械,TOPIX Small 1,0.0148
2026-08-31,6027,弁護士ドットコム,サービス業,TOPIX Small 2,0.0047
2026-08-31,6035,アイ・アールジャパンホールディングス,サービス業,TOPIX Small 2,0.0007
2026-08-31,6036,KeePer技研,サービス業,TOPIX Small 1,0.0037
2026-08-31,6047,Gunosy,サービス業,TOPIX Small 2,0.0006
2026-08-31,6050,イー・ガーディアン,サービス業,TOPIX Small 2,0.001
2026-08-31,6055,ジャパンマテリアル,サービス業,TOPIX Small 1,0.0117
2026-08-31,6058,ベクトル,サービス業,TOPIX Small 2,0.0053
2026-08-31,6062,チャーム・ケア・コーポレーション,サービス業,TOPIX Small 2,0.0021
2026-08-31,6070,キャリアリンク,サービス業,TOPIX Small 2,0.0017
2026-08-31,6071,IBJ,サービス業,TOPIX Small 2,0.0016
2026-08-31,6073,アサンテ,サービス業,TOPIX Small 2,0.0013
2026-08-31,6078,バリューHR,サービス業,TOPIX Small 2,0.0026
2026-08-31,6080,M&Aキャピタルパートナーズ,サービス業,TOPIX Small 1,0.0062
2026-08-31,6082,ライドオンエクスプレスホールディングス,サービス業,TOPIX Small 2,0.0007
2026-08-31,6088,シグマクシス・ホールディングス,サービス業,TOPIX Small 1,0.0028
2026-08-31,6089,ウィルグループ,サービス業,TOPIX Small 2,0.002
2026-08-31,6098,リクルートホールディングス,サービス業,TOPIX Core30,2.2503
2026-08-31,6099,エラン,サービス業,TOPIX Small 2,0.0015
2026-08-31,6101,ツガミ,機械,TOPIX Small 1,0.0198
2026-08-31,6103,オークマ,機械,TOPIX Small 1,0.0146
2026-08-31,6104,芝浦機械,機械,TOPIX Small 1,0.0094
2026-08-31,6113,アマダ,機械,TOPIX Mid400,0.0636
2026-08-31,6118,アイダエンジニアリング,機械,TOPIX Small 1,0.0036
2026-08-31,6134,FUJI,機械,TOPIX Mid400,0.0495
2026-08-31,6135,牧野フライス製作所,機械,TOPIX Small 1,0.0271
2026-08-31,6136,オーエスジー,機械,TOPIX Mid400,0.023
2026-08-31,6140,旭ダイヤモンド工業,機械,TOPIX Small 1,0.0049
2026-08-31,6141,DMG森精機,機械,TOPIX Mid400,0.0395
2026-08-31,6143,ソディック,機械,TOPIX Small 1,0.0075
2026-08-31,6146,ディスコ,機械,TOPIX Large70,0.4884
2026-08-31,6151,日東工器,機械,TOPIX Small 2,0.0011
2026-08-31,6157,日進工具,機械,TOPIX Small 2,0.0012
2026-08-31,6167,冨士ダイス,機械,TOPIX Small 2,0.0014
2026-08-31,6178,日本郵政,サービス業,TOPIX Large70,0.3629
2026-08-31,6183,ベルシステム24ホールディングス,サービス業,TOPIX Small 2,0.0034
2026-08-31,6184,鎌倉新書,サービス業,TOPIX Small 2,0.0011
2026-08-31,6191,エアトリ,サービス業,TOPIX Small 2,0.0013
2026-08-31,6194,アトラエ,サービス業,TOPIX Small 2,0.0013
2026-08-31,6196,ストライクグループ,サービス業,TOPIX Small 1,0.0043
2026-08-31,6199,セラク,情報・通信業,TOPIX Small 2,0.0007
2026-08-31,6200,インソース,サービス業,TOPIX Small 1,0.0033
2026-08-31,6209,リケンNPR,機械,TOPIX Small 1,0.008
2026-08-31,6222,島精機製作所,機械,TOPIX Small 1,0.0026
2026-08-31,6235,オプトラン,機械,TOPIX Small 1,0.0076
2026-08-31,6237,イワキ,機械,TOPIX Small 2,0.0048
2026-08-31,6238,フリュー,機械,TOPIX Small 2,0.0026
2026-08-31,6240,ヤマシンフィルタ,機械,TOPIX Small 2,0.002
2026-08-31,6247,日阪製作所,機械,TOPIX Small 2,0.0037
2026-08-31,6250,やまびこ,機械,TOPIX Small 1,0.0126
2026-08-31,6254,野村マイクロ・サイエンス,機械,TOPIX Small 1,0.0111
2026-08-31,6258,平田機工,機械,TOPIX Small 1,0.0089
2026-08-31,6262,PEGASUS,機械,TOPIX Small 2,0.001
2026-08-31,6264,マルマエ,機械,TOPIX Small 2,0.0036
2026-08-31,6266,タツモ,機械,TOPIX Small 2,0.0041
2026-08-31,6268,ナブテスコ,機械,TOPIX Mid400,0.0457
2026-08-31,6269,三井海洋開発,機械,TOPIX Mid400,0.0428
2026-08-31,6272,レオン自動機,機械,TOPIX Small 2,0.0032
2026-08-31,6273,SMC,機械,TOPIX Large70,0.3498
2026-08-31,6277,ホソカワミクロン,機械,TOPIX Small 1,0.0074
2026-08-31,6278,ユニオンツール,機械,TOPIX Small 1,0.0126
2026-08-31,6279,瑞光,機械,TOPIX Small 2,0.0014
2026-08-31,6282,オイレス工業,機械,TOPIX Small 1,0.0063
2026-08-31,6284,日精エー・エス・ビー機械,機械,TOPIX Small 1,0.0061
2026-08-31,6287,サトー,機械,TOPIX Small 1,0.0068
2026-08-31,6289,技研製作所,機械,TOPIX Small 2,0.0029
2026-08-31,6291,日本エアーテック,機械,TOPIX Small 2,0.0011
2026-08-31,6298,ワイエイシイホールディングス,機械,TOPIX Small 2,0.002
2026-08-31,6301,小松製作所,機械,TOPIX Large70,0.6252
2026-08-31,6302,住友重機械工業,機械,TOPIX Mid400,0.0548
2026-08-31,6305,日立建機,機械,TOPIX Mid400,0.0398
2026-08-31,6306,日工,機械,TOPIX Small 2,0.0034
2026-08-31,6309,巴工業,機械,TOPIX Small 2,0.0048
2026-08-31,6310,井関農機,機械,TOPIX Small 2,0.003
2026-08-31,6315,TOWA,機械,TOPIX Small 1,0.0147
2026-08-31,6317,北川鉄工所,機械,TOPIX Small 2,0.0012
2026-08-31,6323,ローツェ,機械,TOPIX Mid400,0.0416
2026-08-31,6324,ハーモニック・ドライブ・システムズ,機械,TOPIX Small 2,0.027
2026-08-31,6326,クボタ,機械,TOPIX Large70,0.2586
2026-08-31,6328,荏原実業,機械,TOPIX Small 2,0.0044
2026-08-31,6330,東洋エンジニアリング,建設業,TOPIX Small 2,0.0101
2026-08-31,6331,三菱化工機,機械,TOPIX Small 1,0.006
2026-08-31,6332,月島ホールディングス,機械,TOPIX Small 1,0.0066
2026-08-31,6333,TEIKOKU,機械,TOPIX Small 2,0.0039
2026-08-31,6339,新東工業,機械,TOPIX Small 2,0.0042
2026-08-31,6340,澁谷工業,機械,TOPIX Small 2,0.009
2026-08-31,6345,アイチ コーポレーション,機械,TOPIX Small 2,0.0037
2026-08-31,6349,小森コーポレーション,機械,TOPIX Small 1,0.0084
2026-08-31,6351,鶴見製作所,機械,TOPIX Small 2,0.0064
2026-08-31,6358,酒井重工業,機械,TOPIX Small 2,0.0015
2026-08-31,6361,荏原製作所,機械,TOPIX Mid400,0.1935
2026-08-31,6363,酉島製作所,機械,TOPIX Small 1,0.0039
2026-08-31,6364,AIRMAN,機械,TOPIX Small 2,0.0046
2026-08-31,6367,ダイキン工業,機械,TOPIX Core30,0.4802
2026-08-31,6368,オルガノ,機械,TOPIX Mid400,0.0311
2026-08-31,6369,トーヨーカネツ,機械,TOPIX Small 2,0.0036
2026-08-31,6370,栗田工業,機械,TOPIX Mid400,0.0849
2026-08-31,6371,椿本チエイン,機械,TOPIX Small 1,0.0205
2026-08-31,6376,日機装,精密機器,TOPIX Small 1,0.0151
2026-08-31,6378,木村化工機,機械,TOPIX Small 2,0.0016
2026-08-31,6379,レイズネクスト,建設業,TOPIX Small 2,0.0075
2026-08-31,6381,アネスト岩田,機械,TOPIX Small 2,0.0064
2026-08-31,6383,ダイフク,機械,TOPIX Mid400,0.1707
2026-08-31,6387,サムコ,機械,TOPIX Small 2,0.0041
2026-08-31,6395,タダノ,機械,TOPIX Small 1,0.0139
2026-08-31,6407,CKD,機械,TOPIX Small 1,0.0294
2026-08-31,6412,平和,機械,TOPIX Small 1,0.0114
2026-08-31,6413,理想科学工業,機械,TOPIX Small 2,0.0032
2026-08-31,6417,SANKYO,機械,TOPIX Mid400,0.0328
2026-08-31,6418,日本金銭機械,機械,TOPIX Small 2,0.0027
2026-08-31,6419,マースグループホールディングス,機械,TOPIX Small 1,0.0047
2026-08-31,6420,ガリレイホールディングス,機械,TOPIX Small 1,0.009
2026-08-31,6430,ダイコク電機,機械,TOPIX Small 2,0.0022
2026-08-31,6432,竹内製作所,機械,TOPIX Small 1,0.0241
2026-08-31,6436,アマノ,機械,TOPIX Mid400,0.0182
2026-08-31,6440,JUKI,機械,TOPIX Small 2,0.0019
2026-08-31,6445,ジャノメ,機械,TOPIX Small 2,0.0017
2026-08-31,6448,ブラザー工業,電気機器,TOPIX Mid400,0.1031
2026-08-31,6454,マックス,機械,TOPIX Small 1,0.0178
2026-08-31,6455,モリタホールディングス,輸送用機器,TOPIX Small 2,0.0066
2026-08-31,6457,グローリー,機械,TOPIX Mid400,0.0206
2026-08-31,6458,新晃工業,機械,TOPIX Small 1,0.0059
2026-08-31,6459,だいわ,機械,TOPIX Small 2,0.0052
2026-08-31,6460,セガサミーホールディングス,機械,TOPIX Mid400,0.0428
2026-08-31,6463,TPR,機械,TOPIX Small 1,0.0062
2026-08-31,6464,ツバキ・ナカシマ,機械,TOPIX Small 2,0.0013
2026-08-31,6465,ホシザキ,機械,TOPIX Mid400,0.0586
2026-08-31,6470,大豊工業,機械,TOPIX Small 2,0.0015
2026-08-31,6471,日本精工,機械,TOPIX Mid400,0.0358
2026-08-31,6472,NTN,機械,TOPIX Mid400,0.0173
2026-08-31,6473,ジェイテクト,機械,TOPIX Mid400,0.0354
2026-08-31,6474,不二越,機械,TOPIX Small 1,0.0081
2026-08-31,6479,ミネベアミツミ,電気機器,TOPIX Mid400,0.1025
2026-08-31,6480,日本トムソン,機械,TOPIX Small 2,0.0085
2026-08-31,6481,THK,機械,TOPIX Mid400,0.0561
2026-08-31,6482,YUSHIN,機械,TOPIX Small 2,0.001
2026-08-31,6485,前澤給装工業,機械,TOPIX Small 2,0.0021
2026-08-31,6486,イーグル工業,機械,TOPIX Small 1,0.0059
2026-08-31,6490,PILLAR,機械,TOPIX Small 1,0.0165
2026-08-31,6498,キッツ,機械,TOPIX Small 1,0.0119
2026-08-31,6501,日立製作所,電気機器,TOPIX Core30,2.3876
2026-08-31,6503,三菱電機,電気機器,TOPIX Core30,1.0664
2026-08-31,6504,富士電機,電気機器,TOPIX Mid400,0.1735
2026-08-31,6506,安川電機,電気機器,TOPIX Mid400,0.0905
2026-08-31,6507,シンフォニアテクノロジー,電気機器,TOPIX Small 1,0.0241
2026-08-31,6508,明電舎,電気機器,TOPIX Small 1,0.0384
2026-08-31,6516,山洋電気,電気機器,TOPIX Small 1,0.0111
2026-08-31,6517,デンヨー,電気機器,TOPIX Small 2,0.0053
2026-08-31,6523,PHCホールディングス,電気機器,TOPIX Small 1,0.0052
2026-08-31,6525,KOKUSAI ELECTRIC,電気機器,TOPIX Mid400,0.1755
2026-08-31,6526,ソシオネクスト,電気機器,TOPIX Mid400,0.0302
2026-08-31,6532,ベイカレント,サービス業,TOPIX Mid400,0.1068
2026-08-31,6533,Orchestra Holdings,サービス業,TOPIX Small 2,0.0005
2026-08-31,6535,アイモバイル,サービス業,TOPIX Small 2,0.0014
2026-08-31,6539,MS-Japan,サービス業,TOPIX Small 2,0.0011
2026-08-31,6544,ジャパンエレベーターサービスホールディングス,サービス業,TOPIX Mid400,0.0234
2026-08-31,6560,エル・ティー・エス,サービス業,TOPIX Small 2,0.0004
2026-08-31,6564,ミダックホールディングス,サービス業,TOPIX Small 2,0.0018
2026-08-31,6571,キュービーネットホールディングス,サービス業,TOPIX Small 2,0.0011
2026-08-31,6572,オープングループ,サービス業,TOPIX Small 2,0.0007
2026-08-31,6584,三櫻工業,輸送用機器,TOPIX Small 2,0.0021
2026-08-31,6586,マキタ,機械,TOPIX Mid400,0.1149
2026-08-31,6588,東芝テック,電気機器,TOPIX Small 1,0.0071
2026-08-31,6590,芝浦メカトロニクス,電気機器,TOPIX Small 1,0.0219
2026-08-31,6592,マブチモーター,電気機器,TOPIX Mid400,0.0297
2026-08-31,6615,ユー・エム・シー・エレクトロニクス,電気機器,TOPIX Small 2,0.0003
2026-08-31,6616,トレックス・セミコンダクター,電気機器,TOPIX Small 2,0.0013
2026-08-31,6617,東光高岳,電気機器,TOPIX Small 2,0.0067
2026-08-31,6619,ダブル・スコープ,電気機器,TOPIX Small 2,0.001
2026-08-31,6620,宮越ホールディングス,不動産業,TOPIX Small 2,0.0005
2026-08-31,6622,ダイヘン,電気機器,TOPIX Small 1,0.0207
2026-08-31,6630,ヤーマン,電気機器,TOPIX Small 1,0.0027
2026-08-31,6632,JVCケンウッド,電気機器,TOPIX Mid400,0.014
2026-08-31,6638,ミマキエンジニアリング,電気機器,TOPIX Small 2,0.0029
2026-08-31,6644,大崎電気工業,電気機器,TOPIX Small 2,0.0052
2026-08-31,6645,オムロン,電気機器,TOPIX Mid400,0.0975
2026-08-31,6651,日東工業,電気機器,TOPIX Small 1,0.0093
2026-08-31,6652,IDEC,電気機器,TOPIX Small 1,0.0083
2026-08-31,6674,ジーエス・ユアサ コーポレーション,電気機器,TOPIX Mid400,0.0382
2026-08-31,6676,バッファロー,電気機器,TOPIX Small 2,0.0029
2026-08-31,6678,テクノメディカ,電気機器,TOPIX Small 2,0.0007
2026-08-31,6699,ダイヤモンドエレクトリックホールディングス,電気機器,TOPIX Small 2,0.0005
2026-08-31,6701,日本電気,電気機器,TOPIX Large70,0.5618
2026-08-31,6702,富士通,電気機器,TOPIX Large70,0.6206
2026-08-31,6703,沖電気工業,電気機器,TOPIX Small 1,0.0243
2026-08-31,6706,電気興業,電気機器,TOPIX Small 2,0.0021
2026-08-31,6707,サンケン電気,電気機器,TOPIX Mid400,0.013
2026-08-31,6718,アイホン,電気機器,TOPIX Small 2,0.0026
2026-08-31,6723,ルネサスエレクトロニクス,電気機器,TOPIX Large70,0.5733
2026-08-31,6724,セイコーエプソン,電気機器,TOPIX Mid400,0.0701
2026-08-31,6727,ワコム,電気機器,TOPIX Small 1,0.0088
2026-08-31,6728,アルバック,電気機器,TOPIX Mid400,0.0334
2026-08-31,6730,アクセル,電気機器,TOPIX Small 2,0.001
2026-08-31,6737,EIZO,電気機器,TOPIX Small 1,0.0078
2026-08-31,6740,ジャパンディスプレイ,電気機器,TOPIX Small 2,0.0056
2026-08-31,6741,日本信号,電気機器,TOPIX Small 2,0.0082
2026-08-31,6742,京三製作所,電気機器,TOPIX Small 2,0.0041
2026-08-31,6744,能美防災,電気機器,TOPIX Small 1,0.0101
2026-08-31,6745,ホーチキ,電気機器,TOPIX Small 2,0.008
2026-08-31,6750,エレコム,電気機器,TOPIX Small 1,0.0084
2026-08-31,6752,パナソニック ホールディングス,電気機器,TOPIX Large70,0.9264
2026-08-31,6753,シャープ,電気機器,TOPIX Mid400,0.0139
2026-08-31,6754,アンリツ,電気機器,TOPIX Mid400,0.039
2026-08-31,6758,ソニーグループ,電気機器,TOPIX Core30,2.3191
2026-08-31,6762,TDK,電気機器,TOPIX Large70,0.4634
2026-08-31,6763,帝国通信工業,電気機器,TOPIX Small 2,0.0022
2026-08-31,6768,タムラ製作所,電気機器,TOPIX Small 1,0.0059
2026-08-31,6770,アルプスアルパイン,電気機器,TOPIX Mid400,0.0303
2026-08-31,6779,日本電波工業,電気機器,TOPIX Small 2,0.0058
2026-08-31,6785,鈴木,電気機器,TOPIX Small 2,0.0032
2026-08-31,6787,メイコー,電気機器,TOPIX Small 1,0.0309
2026-08-31,6788,日本トリム,電気機器,TOPIX Small 2,0.0019
2026-08-31,6794,フォスター電機,電気機器,TOPIX Small 2,0.0049
2026-08-31,6798,SMK,電気機器,TOPIX Small 2,0.0014
2026-08-31,6800,ヨコオ,電気機器,TOPIX Small 2,0.0062
2026-08-31,6804,ホシデン,電気機器,TOPIX Small 1,0.0092
2026-08-31,6806,ヒロセ電機,電気機器,TOPIX Mid400,0.0636
2026-08-31,6807,日本航空電子工業,電気機器,TOPIX Small 1,0.0101
2026-08-31,6809,TOA,電気機器,TOPIX Small 2,0.0031
2026-08-31,6810,マクセル,電気機器,TOPIX Small 1,0.0083
2026-08-31,6814,古野電気,電気機器,TOPIX Small 1,0.0172
2026-08-31,6817,スミダコーポレーション,電気機器,TOPIX Small 2,0.0036
2026-08-31,6820,アイコム,電気機器,TOPIX Small 2,0.0025
2026-08-31,6823,リオン,電気機器,TOPIX Small 2,0.0024
2026-08-31,6841,横河電機,電気機器,TOPIX Mid400,0.0933
2026-08-31,6844,新電元工業,電気機器,TOPIX Small 2,0.0023
2026-08-31,6845,アズビル,電気機器,TOPIX Mid400,0.0641
2026-08-31,6849,日本光電工業,電気機器,TOPIX Mid400,0.0212
2026-08-31,6850,チノー,電気機器,TOPIX Small 2,0.0024
2026-08-31,6855,日本電子材料,電気機器,TOPIX Small 2,0.0078
2026-08-31,6856,堀場製作所,電気機器,TOPIX Mid400,0.0831
2026-08-31,6857,アドバンテスト,電気機器,TOPIX Core30,1.7507
2026-08-31,6859,エスペック,電気機器,TOPIX Small 1,0.0068
2026-08-31,6861,キーエンス,電気機器,TOPIX Core30,1.4444
2026-08-31,6866,日置電機,電気機器,TOPIX Small 1,0.0098
2026-08-31,6869,シスメックス,電気機器,TOPIX Mid400,0.0877
2026-08-31,6871,日本マイクロニクス,電気機器,TOPIX Small 1,0.0332
2026-08-31,6875,メガチップス,電気機器,TOPIX Small 1,0.012
2026-08-31,6877,OBARA GROUP,電気機器,TOPIX Small 2,0.0046
2026-08-31,6902,デンソー,輸送用機器,TOPIX Large70,0.3272
2026-08-31,6905,コーセル,電気機器,TOPIX Small 2,0.0028
2026-08-31,6908,イリソ電子工業,電気機器,TOPIX Small 1,0.004
2026-08-31,6914,オプテックスグループ,電気機器,TOPIX Small 1,0.0104
2026-08-31,6915,千代田インテグレ,電気機器,TOPIX Small 2,0.0015
2026-08-31,6920,レーザーテック,電気機器,TOPIX Large70,0.2456
2026-08-31,6923,スタンレー電気,電気機器,TOPIX Mid400,0.0266
2026-08-31,6925,ウシオ電機,電気機器,TOPIX Mid400,0.0251
2026-08-31,6929,日本セラミック,電気機器,TOPIX Small 1,0.0047
2026-08-31,6941,山一電機,電気機器,TOPIX Small 1,0.0129
2026-08-31,6947,図研,電気機器,TOPIX Small 1,0.0074
2026-08-31,6951,日本電子,電気機器,TOPIX Mid400,0.0282
2026-08-31,6952,カシオ計算機,電気機器,TOPIX Mid400,0.0342
2026-08-31,6954,ファナック,電気機器,TOPIX Large70,0.499
2026-08-31,6958,日本シイエムケイ,電気機器,TOPIX Small 2,0.0042
2026-08-31,6961,エンプラス,電気機器,TOPIX Small 2,0.0052
2026-08-31,6962,大真空,電気機器,TOPIX Small 2,0.002
2026-08-31,6963,ローム,電気機器,TOPIX Mid400,0.1649
2026-08-31,6965,浜松ホトニクス,電気機器,TOPIX Mid400,0.0635
2026-08-31,6966,三井ハイテック,電気機器,TOPIX Small 1,0.0085
2026-08-31,6971,京セラ,電気機器,TOPIX Large70,0.3684
2026-08-31,6976,太陽誘電,電気機器,TOPIX Mid400,0.0897
2026-08-31,6981,村田製作所,電気機器,TOPIX Large70,1.1843
2026-08-31,6986,双葉電子工業,電気機器,TOPIX Small 2,0.0027
2026-08-31,6988,日東電工,化学,TOPIX Mid400,0.1846
2026-08-31,6995,東海理化電機製作所,輸送用機器,TOPIX Small 1,0.0147
2026-08-31,6996,ニチコン,電気機器,TOPIX Small 1,0.0125
2026-08-31,6997,日本ケミコン,電気機器,TOPIX Small 2,0.008
2026-08-31,6999,KOA,電気機器,TOPIX Small 1,0.0074
2026-08-31,7003,三井E&S,機械,TOPIX Mid400,0.0381
2026-08-31,7004,カナデビア,機械,TOPIX Small 1,0.0169
2026-08-31,7011,三菱重工業,機械,TOPIX Core30,1.2701
2026-08-31,7012,川崎重工業,輸送用機器,TOPIX Mid400,0.1753
2026-08-31,7013,IHI,機械,TOPIX Mid400,0.2436
2026-08-31,7014,名村造船所,輸送用機器,TOPIX Small 1,0.026
2026-08-31,7033,マネジメントソリューションズ,サービス業,TOPIX Small 2,0.0015
2026-08-31,7034,プロレド・パートナーズ,サービス業,TOPIX Small 2,0.0002
2026-08-31,7038,フロンティア・マネジメント,サービス業,TOPIX Small 2,0.0004
2026-08-31,7071,アンビスホールディングス,サービス業,TOPIX Small 2,0.0016
2026-08-31,7085,カーブスホールディングス,サービス業,TOPIX Small 1,0.0046
2026-08-31,7095,Macbee Planet,サービス業,TOPIX Small 2,0.001
2026-08-31,7102,日本車輌製造,輸送用機器,TOPIX Small 2,0.0024
2026-08-31,7128,ユニソルホールディングス,卸売業,TOPIX Small 1,0.0047
2026-08-31,7130,ヤマエグループホールディングス,卸売業,TOPIX Small 1,0.0051
2026-08-31,7148,FPG,証券、商品先物取引業,TOPIX Small 1,0.0103
2026-08-31,7157,ライフネット生命保険,保険業,TOPIX Small 1,0.0052
2026-08-31,7164,全国保証,その他金融業,TOPIX Mid400,0.0314
2026-08-31,7167,めぶきフィナンシャルグループ,銀行業,TOPIX Mid400,0.1357
2026-08-31,7172,ジャパンインベストメントアドバイザー,証券、商品先物取引業,TOPIX Small 1,0.0068
2026-08-31,7173,東京きらぼしフィナンシャルグループ,銀行業,TOPIX Small 1,0.0358
2026-08-31,7180,九州フィナンシャルグループ,銀行業,TOPIX Mid400,0.0523
2026-08-31,7181,かんぽ生命保険,保険業,TOPIX Mid400,0.0949
2026-08-31,7182,ゆうちょ銀行,銀行業,TOPIX Large70,0.6286
2026-08-31,7184,富山第一銀行,銀行業,TOPIX Small 1,0.018
2026-08-31,7186,横浜フィナンシャルグループ,銀行業,TOPIX Mid400,0.1729
2026-08-31,7187,ジェイリース,その他金融業,TOPIX Small 2,0.0018
2026-08-31,7189,西日本フィナンシャルホールディングス,銀行業,TOPIX Mid400,0.0507
2026-08-31,7198,SBIアルヒ,その他金融業,TOPIX Small 2,0.0014
2026-08-31,7199,プレミアグループ,その他金融業,TOPIX Small 1,0.0061
2026-08-31,7201,日産自動車,輸送用機器,TOPIX Mid400,0.0866
2026-08-31,7202,いすゞ自動車,輸送用機器,TOPIX Mid400,0.1017
2026-08-31,7203,トヨタ自動車,輸送用機器,TOPIX Core30,2.6754
2026-08-31,7211,三菱自動車工業,輸送用機器,TOPIX Mid400,0.026
2026-08-31,7220,武蔵精密工業,輸送用機器,TOPIX Small 1,0.0123
2026-08-31,7222,日産車体,輸送用機器,TOPIX Small 2,0.0024
2026-08-31,7224,新明和工業,輸送用機器,TOPIX Small 1,0.0099
2026-08-31,7226,極東開発工業,輸送用機器,TOPIX Small 1,0.0066
2026-08-31,7231,トピー工業,輸送用機器,TOPIX Small 2,0.0039
2026-08-31,7236,ティラド,輸送用機器,TOPIX Small 2,0.0048
2026-08-31,7238,曙ブレーキ工業,輸送用機器,TOPIX Small 2,0.0012
2026-08-31,7239,タチエス,輸送用機器,TOPIX Small 1,0.0075
2026-08-31,7240,NOK,輸送用機器,TOPIX Mid400,0.0192
2026-08-31,7241,フタバ産業,輸送用機器,TOPIX Small 1,0.0052
2026-08-31,7242,カヤバ,輸送用機器,TOPIX Small 1,0.0141
2026-08-31,7244,市光工業,電気機器,TOPIX Small 2,0.0021
2026-08-31,7245,大同メタル工業,輸送用機器,TOPIX Small 2,0.0041
2026-08-31,7246,プレス工業,輸送用機器,TOPIX Small 1,0.007
2026-08-31,7259,アイシン,輸送用機器,TOPIX Mid400,0.0949
2026-08-31,7261,マツダ,輸送用機器,TOPIX Mid400,0.0703
2026-08-31,7267,本田技研工業,輸送用機器,TOPIX Core30,0.5503
2026-08-31,7269,スズキ,輸送用機器,TOPIX Large70,0.2824
2026-08-31,7270,SUBARU,輸送用機器,TOPIX Large70,0.1359
2026-08-31,7272,ヤマハ発動機,輸送用機器,TOPIX Mid400,0.1631
2026-08-31,7276,小糸製作所,電気機器,TOPIX Mid400,0.0484
2026-08-31,7278,エクセディ,輸送用機器,TOPIX Small 1,0.0175
2026-08-31,7280,ミツバ,電気機器,TOPIX Small 1,0.0044
2026-08-31,7282,豊田合成,輸送用機器,TOPIX Mid400,0.0292
2026-08-31,7283,愛三工業,輸送用機器,TOPIX Small 1,0.0068
2026-08-31,7294,ヨロズ,輸送用機器,TOPIX Small 2,0.0015
2026-08-31,7296,エフ・シー・シー,輸送用機器,TOPIX Small 1,0.014
2026-08-31,7309,シマノ,輸送用機器,TOPIX Large70,0.1448
2026-08-31,7313,テイ・エス テック,輸送用機器,TOPIX Mid400,0.0118
2026-08-31,7322,三十三フィナンシャルグループ,銀行業,TOPIX Small 2,0.0148
2026-08-31,7327,第四北越フィナンシャルグループ,銀行業,TOPIX Small 1,0.0417
2026-08-31,7337,ひろぎんホールディングス,銀行業,TOPIX Mid400,0.0569
2026-08-31,7350,おきなわフィナンシャルグループ,銀行業,TOPIX Small 1,0.0108
2026-08-31,7354,ダイレクトマーケティングミックス,サービス業,TOPIX Small 2,0.0007
2026-08-31,7358,ポピンズ,サービス業,TOPIX Small 2,0.0006
2026-08-31,7366,LITALICO,サービス業,TOPIX Small 2,0.0031
2026-08-31,7380,十六フィナンシャルグループ,銀行業,TOPIX Small 1,0.0315
2026-08-31,7381,CCIグループ,銀行業,TOPIX Small 1,0.023
2026-08-31,7383,ネットプロテクションズホールディングス,その他金融業,TOPIX Small 1,0.0023
2026-08-31,7384,プロクレアホールディングス,銀行業,TOPIX Small 2,0.0097
2026-08-31,7388,FPパートナー,保険業,TOPIX Small 2,0.0021
2026-08-31,7389,あいちフィナンシャルグループ,銀行業,TOPIX Small 1,0.0345
2026-08-31,7414,小野建,卸売業,TOPIX Small 2,0.0028
2026-08-31,7419,ノジマ,小売業,TOPIX Small 1,0.0228
2026-08-31,7421,カッパ・クリエイト,小売業,TOPIX Small 1,0.0047
2026-08-31,7433,伯東,卸売業,TOPIX Small 1,0.0058
2026-08-31,7438,コンドーテック,卸売業,TOPIX Small 2,0.0026
2026-08-31,7447,ナガイレーベン,卸売業,TOPIX Small 2,0.0034
2026-08-31,7453,良品計画,小売業,TOPIX Mid400,0.1725
2026-08-31,7456,松田産業,卸売業,TOPIX Small 1,0.0097
2026-08-31,7458,第一興商,卸売業,TOPIX Mid400,0.0115
2026-08-31,7459,メディパルホールディングス,卸売業,TOPIX Mid400,0.0564
2026-08-31,7463,アドヴァングループ,小売業,TOPIX Small 2,0.0011
2026-08-31,7466,SPK,卸売業,TOPIX Small 2,0.0022
2026-08-31,7475,アルビス,小売業,TOPIX Small 2,0.0015
2026-08-31,7476,アズワン,卸売業,TOPIX Mid400,0.0147
2026-08-31,7480,スズデン,卸売業,TOPIX Small 2,0.0034
2026-08-31,7482,シモジマ,卸売業,TOPIX Small 2,0.0021
2026-08-31,7483,ドウシシャ,卸売業,TOPIX Small 2,0.0066
2026-08-31,7504,高速,卸売業,TOPIX Small 2,0.0059
2026-08-31,7508,G‐7ホールディングス,小売業,TOPIX Small 2,0.0029
2026-08-31,7510,たけびし,卸売業,TOPIX Small 2,0.0019
2026-08-31,7512,イオン北海道,小売業,TOPIX Small 1,0.0047
2026-08-31,7513,コジマ,小売業,TOPIX Small 1,0.0049
2026-08-31,7516,コーナン商事,小売業,TOPIX Small 1,0.009
2026-08-31,7520,エコス,小売業,TOPIX Small 2,0.0018
2026-08-31,7522,ワタミ,小売業,TOPIX Small 2,0.0021
2026-08-31,7525,リックス,卸売業,TOPIX Small 2,0.0017
2026-08-31,7527,システムソフト,情報・通信業,TOPIX Small 2,0.0004
2026-08-31,7532,パン・パシフィック・インターナショナルホールディングス,小売業,TOPIX Mid400,0.1489
2026-08-31,7537,丸文,卸売業,TOPIX Small 2,0.0031
2026-08-31,7545,西松屋チェーン,小売業,TOPIX Small 1,0.0081
2026-08-31,7550,ゼンショーホールディングス,小売業,TOPIX Mid400,0.1101
2026-08-31,7552,ハピネット,卸売業,TOPIX Small 1,0.0095
2026-08-31,7554,幸楽苑,小売業,TOPIX Small 2,0.0021
2026-08-31,7570,橋本総業ホールディングス,卸売業,TOPIX Small 2,0.0009
2026-08-31,7575,日本ライフライン,卸売業,TOPIX Small 1,0.0073
2026-08-31,7581,サイゼリヤ,小売業,TOPIX Small 1,0.0191
2026-08-31,7590,タカショー,卸売業,TOPIX Small 2,0.0006
2026-08-31,7593,VTホールディングス,小売業,TOPIX Small 1,0.0038
2026-08-31,7595,アルゴグラフィックス,情報・通信業,TOPIX Small 1,0.0083
2026-08-31,7596,魚力,小売業,TOPIX Small 2,0.0015
2026-08-31,7599,IDOM,卸売業,TOPIX Small 1,0.0069
2026-08-31,7600,日本エム・ディ・エム,精密機器,TOPIX Small 2,0.001
2026-08-31,7606,ユナイテッドアローズ,小売業,TOPIX Small 1,0.0048
2026-08-31,7607,進和,卸売業,TOPIX Small 2,0.0033
2026-08-31,7609,ダイトロン,卸売業,TOPIX Small 2,0.0067
2026-08-31,7611,ハイデイ日高,小売業,TOPIX Small 1,0.0089
2026-08-31,7613,シークス,卸売業,TOPIX Small 1,0.0047
2026-08-31,7616,コロワイド,小売業,TOPIX Mid400,0.0221
2026-08-31,7628,オーハシテクニカ,卸売業,TOPIX Small 2,0.002
2026-08-31,7630,壱番屋,小売業,TOPIX Small 1,0.0079
2026-08-31,7637,白銅,卸売業,TOPIX Small 2,0.0019
2026-08-31,7649,スギホールディングス,小売業,TOPIX Mid400,0.0259
2026-08-31,7679,薬王堂ホールディングス,小売業,TOPIX Small 2,0.0017
2026-08-31,7683,ダブルエー,小売業,TOPIX Small 2,0.0011
2026-08-31,7701,島津製作所,精密機器,TOPIX Mid400,0.0941
2026-08-31,7702,JMS,精密機器,TOPIX Small 2,0.0007
2026-08-31,7715,長野計器,精密機器,TOPIX Small 2,0.0046
2026-08-31,7717,ブイ・テクノロジー,精密機器,TOPIX Small 2,0.0048
2026-08-31,7721,東京計器,精密機器,TOPIX Small 1,0.0103
2026-08-31,7723,愛知時計電機,精密機器,TOPIX Small 2,0.0024
2026-08-31,7725,インターアクション,精密機器,TOPIX Small 2,0.0016
2026-08-31,7729,東京精密,精密機器,TOPIX Mid400,0.0581
2026-08-31,7730,マニー,精密機器,TOPIX Small 1,0.0119
2026-08-31,7731,ニコン,精密機器,TOPIX Mid400,0.0415
2026-08-31,7733,オリンパス,精密機器,TOPIX Large70,0.1969
2026-08-31,7734,理研計器,精密機器,TOPIX Small 1,0.0084
2026-08-31,7735,SCREENホールディングス,電気機器,TOPIX Mid400,0.1674
2026-08-31,7740,タムロン,精密機器,TOPIX Small 1,0.0107
2026-08-31,7741,HOYA,精密機器,TOPIX Core30,0.7974
2026-08-31,7744,ノーリツ鋼機,精密機器,TOPIX Small 1,0.0102
2026-08-31,7745,A&Dホロンホールディングス,精密機器,TOPIX Small 1,0.0068
2026-08-31,7747,朝日インテック,精密機器,TOPIX Mid400,0.0775
2026-08-31,7751,キヤノン,電気機器,TOPIX Large70,0.3622
2026-08-31,7752,リコー,電気機器,TOPIX Mid400,0.0687
2026-08-31,7762,シチズン時計,精密機器,TOPIX Small 1,0.0404
2026-08-31,7780,メニコン,精密機器,TOPIX Small 1,0.0123
2026-08-31,7818,トランザクション,その他製品,TOPIX Small 2,0.0035
2026-08-31,7820,ニホンフラッシュ,その他製品,TOPIX Small 2,0.0011
2026-08-31,7821,前田工繊,その他製品,TOPIX Small 1,0.0073
2026-08-31,7823,アートネイチャー,その他製品,TOPIX Small 2,0.0014
2026-08-31,7826,フルヤ金属,その他製品,TOPIX Small 1,0.0149
2026-08-31,7832,バンダイナムコホールディングス,その他製品,TOPIX Large70,0.2619
2026-08-31,7839,SHOEI,その他製品,TOPIX Small 1,0.0086
2026-08-31,7840,フランスベッドホールディングス,その他製品,TOPIX Small 2,0.0033
2026-08-31,7844,マーベラス,情報・通信業,TOPIX Small 2,0.0017
2026-08-31,7846,パイロットコーポレーション,その他製品,TOPIX Mid400,0.0153
2026-08-31,7856,萩原工業,その他製品,TOPIX Small 2,0.0024
2026-08-31,7860,エイベックス,情報・通信業,TOPIX Small 1,0.0038
2026-08-31,7864,フジシールインターナショナル,その他製品,TOPIX Small 1,0.0116
2026-08-31,7867,タカラトミー,その他製品,TOPIX Mid400,0.0317
2026-08-31,7868,広済堂ホールディングス,その他製品,TOPIX Small 2,0.0035
2026-08-31,7874,レック,化学,TOPIX Small 2,0.0017
2026-08-31,7888,三光合成,化学,TOPIX Small 2,0.002
2026-08-31,7893,プロネクサス,その他製品,TOPIX Small 2,0.002
2026-08-31,7911,TOPPANホールディングス,その他製品,TOPIX Mid400,0.1066
2026-08-31,7912,大日本印刷,その他製品,TOPIX Mid400,0.1155
2026-08-31,7914,共同印刷,その他製品,TOPIX Small 2,0.0031
2026-08-31,7915,NISSHA,その他製品,TOPIX Small 1,0.0044
2026-08-31,7917,ZACROS,化学,TOPIX Small 2,0.0071
2026-08-31,7921,TAKARA & COMPANY,その他製品,TOPIX Small 2,0.0044
2026-08-31,7931,未来工業,化学,TOPIX Small 2,0.0031
2026-08-31,7936,アシックス,その他製品,TOPIX Large70,0.32
2026-08-31,7937,ツツミ,その他製品,TOPIX Small 2,0.0011
2026-08-31,7942,JSP,化学,TOPIX Small 2,0.0032
2026-08-31,7943,ニチハ,ガラス・土石製品,TOPIX Small 1,0.0062
2026-08-31,7944,ローランド,その他製品,TOPIX Small 1,0.0093
2026-08-31,7947,エフピコ,化学,TOPIX Small 1,0.0092
2026-08-31,7949,小松ウオール工業,その他製品,TOPIX Small 2,0.0036
2026-08-31,7951,ヤマハ,その他製品,TOPIX Mid400,0.036
2026-08-31,7952,河合楽器製作所,その他製品,TOPIX Small 2,0.0016
2026-08-31,7955,クリナップ,その他製品,TOPIX Small 2,0.0019
2026-08-31,7956,ピジョン,その他製品,TOPIX Mid400,0.0216
2026-08-31,7962,キングジム,その他製品,TOPIX Small 2,0.0012
2026-08-31,7965,象印マホービン,電気機器,TOPIX Small 1,0.0069
2026-08-31,7966,リンテック,その他製品,TOPIX Small 1,0.0207
2026-08-31,7970,信越ポリマー,化学,TOPIX Small 1,0.0084
2026-08-31,7972,イトーキ,その他製品,TOPIX Small 1,0.0101
2026-08-31,7974,任天堂,その他製品,TOPIX Core30,0.9767
2026-08-31,7976,三菱鉛筆,その他製品,TOPIX Small 1,0.0083
2026-08-31,7979,松風,精密機器,TOPIX Small 2,0.0048
2026-08-31,7981,タカラスタンダード,その他製品,TOPIX Small 1,0.0117
2026-08-31,7984,コクヨ,その他製品,TOPIX Mid400,0.0289
2026-08-31,7987,ナカバヤシ,その他製品,TOPIX Small 2,0.0011
2026-08-31,7988,ニフコ,化学,TOPIX Mid400,0.0343
2026-08-31,7989,立川ブラインド工業,金属製品,TOPIX Small 2,0.0024
2026-08-31,7990,グローブライド,その他製品,TOPIX Small 1,0.0039
2026-08-31,7994,オカムラ,その他製品,TOPIX Small 1,0.0124
2026-08-31,7995,バルカー,化学,TOPIX Small 1,0.0098
2026-08-31,8001,伊藤忠商事,卸売業,TOPIX Core30,1.2937
2026-08-31,8002,丸紅,卸売業,TOPIX Large70,0.6866
2026-08-31,8005,スクロール,小売業,TOPIX Small 2,0.0057
2026-08-31,8008,ヨンドシーホールディングス,小売業,TOPIX Small 1,0.0037
2026-08-31,8011,三陽商会,繊維製品,TOPIX Small 2,0.0039
2026-08-31,8012,長瀬産業,卸売業,TOPIX Mid400,0.0367
2026-08-31,8014,蝶理,卸売業,TOPIX Small 2,0.0042
2026-08-31,8015,豊田通商,卸売業,TOPIX Large70,0.3645
2026-08-31,8016,オンワードホールディングス,繊維製品,TOPIX Small 1,0.0076
2026-08-31,8018,三共生興,卸売業,TOPIX Small 2,0.0021
2026-08-31,8020,兼松,卸売業,TOPIX Mid400,0.0345
2026-08-31,8022,美津濃,その他製品,TOPIX Small 1,0.0189
2026-08-31,8029,ルックホールディングス,繊維製品,TOPIX Small 2,0.0015
2026-08-31,8031,三井物産,卸売業,TOPIX Core30,1.2965
2026-08-31,8032,日本紙パルプ商事,卸売業,TOPIX Small 2,0.0117
2026-08-31,8035,東京エレクトロン,電気機器,TOPIX Core30,2.0458
2026-08-31,8037,カメイ,卸売業,TOPIX Small 2,0.0079
2026-08-31,8043,スターゼン,卸売業,TOPIX Small 2,0.0067
2026-08-31,8050,セイコーグループ,精密機器,TOPIX Small 1,0.0568
2026-08-31,8051,山善,卸売業,TOPIX Small 1,0.0108
2026-08-31,8052,椿本興業,卸売業,TOPIX Small 2,0.0037
2026-08-31,8053,住友商事,卸売業,TOPIX Large70,0.7736
2026-08-31,8056,BIPROGY,情報・通信業,TOPIX Mid400,0.0274
2026-08-31,8057,内田洋行,卸売業,TOPIX Small 1,0.0087
2026-08-31,8058,三菱商事,卸売業,TOPIX Core30,1.6106
2026-08-31,8059,第一実業,卸売業,TOPIX Small 2,0.0065
2026-08-31,8060,キヤノンマーケティングジャパン,卸売業,TOPIX Mid400,0.0322
2026-08-31,8061,西華産業,卸売業,TOPIX Small 1,0.0084
2026-08-31,8065,佐藤商事,卸売業,TOPIX Small 2,0.0047
2026-08-31,8070,東京産業,卸売業,TOPIX Small 2,0.0018
2026-08-31,8074,YUASA,卸売業,TOPIX Small 1,0.0101
2026-08-31,8075,神鋼商事,卸売業,TOPIX Small 2,0.0042
2026-08-31,8078,阪和興業,卸売業,TOPIX Small 1,0.0282
2026-08-31,8079,正栄食品工業,卸売業,TOPIX Small 1,0.0054
2026-08-31,8081,カナデン,卸売業,TOPIX Small 2,0.0038
2026-08-31,8084,RYODEN,卸売業,TOPIX Small 2,0.0066
2026-08-31,8086,ニプロ,精密機器,TOPIX Mid400,0.0221
2026-08-31,8088,岩谷産業,卸売業,TOPIX Mid400,0.0402
2026-08-31,8093,極東貿易,卸売業,TOPIX Small 2,0.0019
2026-08-31,8095,アステナホールディングス,卸売業,TOPIX Small 2,0.002
2026-08-31,8097,三愛オブリ,卸売業,TOPIX Small 1,0.0099
2026-08-31,8098,稲畑産業,卸売業,TOPIX Small 1,0.0184
2026-08-31,8101,GSIクレオス,卸売業,TOPIX Small 2,0.0029
2026-08-31,8103,明和産業,卸売業,TOPIX Small 2,0.0026
2026-08-31,8111,ゴールドウイン,繊維製品,TOPIX Mid400,0.0217
2026-08-31,8113,ユニ・チャーム,化学,TOPIX Large70,0.1079
2026-08-31,8125,ワキタ,卸売業,TOPIX Small 1,0.0058
2026-08-31,8129,東邦ホールディングス,卸売業,TOPIX Mid400,0.0205
2026-08-31,8130,サンゲツ,卸売業,TOPIX Small 1,0.0148
2026-08-31,8131,ミツウロコグループホールディングス,卸売業,TOPIX Small 2,0.0052
2026-08-31,8132,シナネンホールディングス,卸売業,TOPIX Small 2,0.0027
2026-08-31,8133,伊藤忠エネクス,卸売業,TOPIX Small 1,0.0103
2026-08-31,8136,サンリオ,卸売業,TOPIX Mid400,0.1166
2026-08-31,8137,サンワテクノス,卸売業,TOPIX Small 2,0.0044
2026-08-31,8141,新光商事,卸売業,TOPIX Small 2,0.0019
2026-08-31,8142,トーホー,卸売業,TOPIX Small 2,0.003
2026-08-31,8150,三信電気,卸売業,TOPIX Small 2,0.0035
2026-08-31,8151,東陽テクニカ,卸売業,TOPIX Small 2,0.0029
2026-08-31,8153,モスフードサービス,卸売業,TOPIX Small 1,0.0105
2026-08-31,8154,加賀電子,卸売業,TOPIX Small 1,0.0172
2026-08-31,8157,都築電気,情報・通信業,TOPIX Small 2,0.0047
2026-08-31,8158,ソーダニッカ,卸売業,TOPIX Small 2,0.0024
2026-08-31,8159,立花エレテック,卸売業,TOPIX Small 2,0.0044
2026-08-31,8160,木曽路,小売業,TOPIX Small 1,0.0068
2026-08-31,8163,SRSホールディングス,小売業,TOPIX Small 2,0.0048
2026-08-31,8165,千趣会,小売業,TOPIX Small 2,0.0004
2026-08-31,8167,リテールパートナーズ,小売業,TOPIX Small 2,0.0038
2026-08-31,8173,Joshin,小売業,TOPIX Small 1,0.009
2026-08-31,8174,日本瓦斯,小売業,TOPIX Mid400,0.0255
2026-08-31,8179,ロイヤルホールディングス,小売業,TOPIX Small 1,0.0098
2026-08-31,8185,チヨダ,小売業,TOPIX Small 2,0.0018
2026-08-31,8194,ライフコーポレーション,小売業,TOPIX Small 1,0.0095
2026-08-31,8200,リンガーハット,小売業,TOPIX Small 1,0.0058
2026-08-31,8203,MrMaxHD,小売業,TOPIX Small 2,0.0012
2026-08-31,8214,AOKIホールディングス,小売業,TOPIX Small 1,0.0069
2026-08-31,8217,オークワ,小売業,TOPIX Small 2,0.0019
2026-08-31,8218,コメリ,小売業,TOPIX Small 1,0.0094
2026-08-31,8219,青山商事,小売業,TOPIX Small 1,0.0091
2026-08-31,8227,しまむら,小売業,TOPIX Mid400,0.0421
2026-08-31,8233,高島屋,小売業,TOPIX Mid400,0.06
2026-08-31,8237,松屋,小売業,TOPIX Small 1,0.0078
2026-08-31,8242,エイチ・ツー・オー リテイリング,小売業,TOPIX Mid400,0.0271
2026-08-31,8244,近鉄百貨店,小売業,TOPIX Small 2,0.0021
2026-08-31,8252,丸井グループ,小売業,TOPIX Mid400,0.0311
2026-08-31,8253,クレディセゾン,その他金融業,TOPIX Mid400,0.0389
2026-08-31,8255,アクシアル リテイリング,小売業,TOPIX Small 2,0.0064
2026-08-31,8267,イオン,小売業,TOPIX Large70,0.2924
2026-08-31,8273,イズミ,小売業,TOPIX Small 1,0.01
2026-08-31,8275,フォーバル,卸売業,TOPIX Small 2,0.0007
2026-08-31,8276,平和堂,小売業,TOPIX Small 1,0.008
2026-08-31,8278,フジ,小売業,TOPIX Small 1,0.0058
2026-08-31,8281,ゼビオホールディングス,小売業,TOPIX Small 1,0.0025
2026-08-31,8282,ケーズホールディングス,小売業,TOPIX Mid400,0.0232
2026-08-31,8285,三谷産業,卸売業,TOPIX Small 2,0.0025
2026-08-31,8303,SBI新生銀行,銀行業,TOPIX Mid400,0.0454
2026-08-31,8304,あおぞら銀行,銀行業,TOPIX Mid400,0.0369
2026-08-31,8306,三菱UFJフィナンシャル・グループ,銀行業,TOPIX Core30,3.9459
2026-08-31,8308,りそなホールディングス,銀行業,TOPIX Large70,0.5274
2026-08-31,8309,三井住友トラストグループ,銀行業,TOPIX Large70,0.4167
2026-08-31,8316,三井住友フィナンシャルグループ,銀行業,TOPIX Core30,2.5845
2026-08-31,8331,千葉銀行,銀行業,TOPIX Mid400,0.1411
2026-08-31,8334,群馬銀行,銀行業,TOPIX Mid400,0.0871
2026-08-31,8336,武蔵野銀行,銀行業,TOPIX Small 1,0.0201
2026-08-31,8337,千葉興業銀行,銀行業,TOPIX Small 1,0.0085
2026-08-31,8338,筑波銀行,銀行業,TOPIX Small 2,0.0057
2026-08-31,8341,七十七銀行,銀行業,TOPIX Mid400,0.0652
2026-08-31,8343,秋田銀行,銀行業,TOPIX Small 2,0.0102
2026-08-31,8344,山形銀行,銀行業,TOPIX Small 2,0.01
2026-08-31,8345,岩手銀行,銀行業,TOPIX Small 2,0.0112
2026-08-31,8346,東邦銀行,銀行業,TOPIX Small 1,0.0194
2026-08-31,8354,ふくおかフィナンシャルグループ,銀行業,TOPIX Mid400,0.1069
2026-08-31,8358,スルガ銀行,銀行業,TOPIX Small 1,0.0298
2026-08-31,8359,八十二長野銀行,銀行業,TOPIX Mid400,0.0953
2026-08-31,8360,山梨中央銀行,銀行業,TOPIX Small 1,0.0152
2026-08-31,8361,大垣共立銀行,銀行業,TOPIX Small 1,0.0286
2026-08-31,8362,福井銀行,銀行業,TOPIX Small 2,0.0115
2026-08-31,8364,清水銀行,銀行業,TOPIX Small 2,0.0021
2026-08-31,8366,滋賀銀行,銀行業,TOPIX Small 1,0.0331
2026-08-31,8367,南都銀行,銀行業,TOPIX Small 1,0.0252
2026-08-31,8368,百五銀行,銀行業,TOPIX Small 1,0.0392
2026-08-31,8370,紀陽銀行,銀行業,TOPIX Small 1,0.0287
2026-08-31,8377,ほくほくフィナンシャルグループ,銀行業,TOPIX Mid400,0.0852
2026-08-31,8381,山陰合同銀行,銀行業,TOPIX Small 1,0.0281
2026-08-31,8386,百十四銀行,銀行業,TOPIX Small 1,0.0209
2026-08-31,8387,四国銀行,銀行業,TOPIX Small 2,0.0098
2026-08-31,8388,阿波銀行,銀行業,TOPIX Small 1,0.0252
2026-08-31,8392,大分銀行,銀行業,TOPIX Small 2,0.0164
2026-08-31,8393,宮崎銀行,銀行業,TOPIX Small 2,0.0132
2026-08-31,8395,佐賀銀行,銀行業,TOPIX Small 2,0.007
2026-08-31,8399,琉球銀行,銀行業,TOPIX Small 1,0.0118
2026-08-31,8410,セブン銀行,銀行業,TOPIX Mid400,0.018
2026-08-31,8411,みずほフィナンシャルグループ,銀行業,TOPIX Core30,2.0392
2026-08-31,8418,山口フィナンシャルグループ,銀行業,TOPIX Mid400,0.054
2026-08-31,8424,芙蓉総合リース,その他金融業,TOPIX Mid400,0.0207
2026-08-31,8425,みずほリース,その他金融業,TOPIX Small 1,0.0175
2026-08-31,8439,東京センチュリー,その他金融業,TOPIX Mid400,0.0342
2026-08-31,8473,SBIホールディングス,証券、商品先物取引業,TOPIX Mid400,0.198
2026-08-31,8511,日本証券金融,その他金融業,TOPIX Small 1,0.0148
2026-08-31,8522,名古屋銀行,銀行業,TOPIX Small 1,0.0232
2026-08-31,8524,北洋銀行,銀行業,TOPIX Small 1,0.0285
2026-08-31,8541,愛媛銀行,銀行業,TOPIX Small 2,0.0078
2026-08-31,8544,京葉銀行,銀行業,TOPIX Small 1,0.0209
2026-08-31,8550,栃木銀行,銀行業,TOPIX Small 2,0.01
2026-08-31,8551,北日本銀行,銀行業,TOPIX Small 2,0.0042
2026-08-31,8558,東和銀行,銀行業,TOPIX Small 2,0.0047
2026-08-31,8566,リコーリース,その他金融業,TOPIX Small 1,0.0111
2026-08-31,8570,イオンフィナンシャルサービス,その他金融業,TOPIX Mid400,0.0163
2026-08-31,8572,アコム,その他金融業,TOPIX Mid400,0.0148
2026-08-31,8584,ジャックス,その他金融業,TOPIX Small 1,0.0078
2026-08-31,8585,オリエントコーポレーション,その他金融業,TOPIX Small 1,0.0058
2026-08-31,8591,オリックス,その他金融業,TOPIX Large70,0.6382
2026-08-31,8593,三菱HCキャピタル,その他金融業,TOPIX Mid400,0.1188
2026-08-31,8595,ジャフコ グループ,証券、商品先物取引業,TOPIX Mid400,0.0106
2026-08-31,8600,トモニホールディングス,銀行業,TOPIX Small 1,0.0182
2026-08-31,8601,大和証券グループ本社,証券、商品先物取引業,TOPIX Mid400,0.2241
2026-08-31,8604,野村ホールディングス,証券、商品先物取引業,TOPIX Large70,0.4564
2026-08-31,8609,岡三証券グループ,証券、商品先物取引業,TOPIX Small 1,0.0166
2026-08-31,8613,丸三証券,証券、商品先物取引業,TOPIX Small 1,0.0074
2026-08-31,8614,東洋証券,証券、商品先物取引業,TOPIX Small 2,0.0039
2026-08-31,8616,東海東京フィナンシャル・ホールディングス,証券、商品先物取引業,TOPIX Small 1,0.0185
2026-08-31,8622,水戸証券,証券、商品先物取引業,TOPIX Small 2,0.0046
2026-08-31,8624,いちよし証券,証券、商品先物取引業,TOPIX Small 2,0.0055
2026-08-31,8628,松井証券,証券、商品先物取引業,TOPIX Small 1,0.014
2026-08-31,8630,SOMPOホールディングス,保険業,TOPIX Large70,0.5782
2026-08-31,8697,日本取引所グループ,その他金融業,TOPIX Large70,0.2098
2026-08-31,8698,マネックスグループ,証券、商品先物取引業,TOPIX Small 1,0.0133
2026-08-31,8706,極東証券,証券、商品先物取引業,TOPIX Small 1,0.0045
2026-08-31,8707,岩井コスモホールディングス,証券、商品先物取引業,TOPIX Small 1,0.0084
2026-08-31,8708,アイザワ証券グループ,証券、商品先物取引業,TOPIX Small 2,0.0033
2026-08-31,8713,フィデアホールディングス,銀行業,TOPIX Small 2,0.0051
2026-08-31,8714,池田泉州ホールディングス,銀行業,TOPIX Small 1,0.0258
2026-08-31,8715,アニコム ホールディングス,保険業,TOPIX Small 1,0.0059
2026-08-31,8725,MS&ADインシュアランスグループホールディングス,保険業,TOPIX Large70,0.5411
2026-08-31,8729,ソニーフィナンシャルグループ,保険業,TOPIX Core30,0.0892
2026-08-31,8739,スパークス・グループ,証券、商品先物取引業,TOPIX Small 2,0.0049
2026-08-31,8750,第一ライフグループ,保険業,TOPIX Large70,0.6016
2026-08-31,8766,東京海上ホールディングス,保険業,TOPIX Core30,1.3467
2026-08-31,8771,イー・ギャランティ,その他金融業,TOPIX Small 1,0.0046
2026-08-31,8793,NECキャピタルソリューション,その他金融業,TOPIX Small 2,0.0036
2026-08-31,8795,T&Dホールディングス,保険業,TOPIX Mid400,0.1844
2026-08-31,8798,アドバンスクリエイト,保険業,TOPIX Small 2,0.0002
2026-08-31,8801,三井不動産,不動産業,TOPIX Large70,0.374
2026-08-31,8802,三菱地所,不動産業,TOPIX Large70,0.3856
2026-08-31,8803,平和不動産,不動産業,TOPIX Small 1,0.0076
2026-08-31,8804,東京建物,不動産業,TOPIX Mid400,0.0509
2026-08-31,8818,京阪神ビルディング,不動産業,TOPIX Small 2,0.0057
2026-08-31,8830,住友不動産,不動産業,TOPIX Large70,0.1607
2026-08-31,8841,テーオーシー,不動産業,TOPIX Small 2,0.0031
2026-08-31,8848,レオパレス21,不動産業,TOPIX Small 1,0.0097
2026-08-31,8850,スターツコーポレーション,不動産業,TOPIX Small 1,0.0148
2026-08-31,8860,フジ住宅,不動産業,TOPIX Small 2,0.0017
2026-08-31,8864,空港施設,不動産業,TOPIX Small 2,0.0023
2026-08-31,8869,明和地所,不動産業,TOPIX Small 2,0.0012
2026-08-31,8871,ゴールドクレスト,不動産業,TOPIX Small 1,0.0031
2026-08-31,8876,リログループ,サービス業,TOPIX Mid400,0.0175
2026-08-31,8877,エスリード,不動産業,TOPIX Small 2,0.0043
2026-08-31,8881,日神グループホールディングス,不動産業,TOPIX Small 2,0.0018
2026-08-31,8892,エスコン,不動産業,TOPIX Small 1,0.0043
2026-08-31,8897,MIRARTHホールディングス,不動産業,TOPIX Small 1,0.005
2026-08-31,8918,ランド,不動産業,TOPIX Small 2,0.0012
2026-08-31,8919,カチタス,不動産業,TOPIX Small 1,0.0176
2026-08-31,8920,東祥,サービス業,TOPIX Small 2,0.0011
2026-08-31,8923,トーセイ,不動産業,TOPIX Small 1,0.0104
2026-08-31,8934,サンフロンティア不動産,不動産業,TOPIX Small 1,0.0067
2026-08-31,8935,FJネクストホールディングス,不動産業,TOPIX Small 2,0.0032
2026-08-31,8999,グランディハウス,不動産業,TOPIX Small 2,0.0009
2026-08-31,9001,東武鉄道,陸運業,TOPIX Mid400,0.0536
2026-08-31,9003,相鉄ホールディングス,陸運業,TOPIX Mid400,0.0175
2026-08-31,9005,東急,陸運業,TOPIX Mid400,0.0737
2026-08-31,9006,京浜急行電鉄,陸運業,TOPIX Mid400,0.0307
2026-08-31,9007,小田急電鉄,陸運業,TOPIX Mid400,0.0466
2026-08-31,9008,京王電鉄,陸運業,TOPIX Mid400,0.0296
2026-08-31,9009,京成電鉄,陸運業,TOPIX Mid400,0.041
2026-08-31,9010,富士急行,陸運業,TOPIX Small 1,0.0059
2026-08-31,9020,東日本旅客鉄道,陸運業,TOPIX Large70,0.3408
2026-08-31,9021,西日本旅客鉄道,陸運業,TOPIX Large70,0.1241
2026-08-31,9022,東海旅客鉄道,陸運業,TOPIX Large70,0.2826
2026-08-31,9023,東京地下鉄,陸運業,TOPIX Mid400,0.0404
2026-08-31,9024,西武ホールディングス,陸運業,TOPIX Mid400,0.061
2026-08-31,9025,鴻池運輸,陸運業,TOPIX Small 1,0.0086
2026-08-31,9031,西日本鉄道,陸運業,TOPIX Mid400,0.0156
2026-08-31,9037,ハマキョウレックス,陸運業,TOPIX Small 1,0.01
2026-08-31,9039,サカイ引越センター,陸運業,TOPIX Small 1,0.0065
2026-08-31,9041,近鉄グループホールディングス,陸運業,TOPIX Mid400,0.0644
2026-08-31,9042,阪急阪神ホールディングス,陸運業,TOPIX Mid400,0.1068
2026-08-31,9044,NANKAI,陸運業,TOPIX Mid400,0.0245
2026-08-31,9045,京阪ホールディングス,陸運業,TOPIX Mid400,0.0287
2026-08-31,9046,神戸電鉄,陸運業,TOPIX Small 2,0.0012
2026-08-31,9048,名古屋鉄道,陸運業,TOPIX Mid400,0.0361
2026-08-31,9052,山陽電気鉄道,陸運業,TOPIX Small 2,0.0026
2026-08-31,9064,ヤマトホールディングス,陸運業,TOPIX Mid400,0.0409
2026-08-31,9065,山九,陸運業,TOPIX Mid400,0.0313
2026-08-31,9068,丸全昭和運輸,陸運業,TOPIX Small 1,0.0078
2026-08-31,9069,センコーグループホールディングス,陸運業,TOPIX Mid400,0.0279
2026-08-31,9072,ニッコンホールディングス,陸運業,TOPIX Mid400,0.0405
2026-08-31,9075,福山通運,陸運業,TOPIX Small 1,0.0112
2026-08-31,9076,セイノーホールディングス,陸運業,TOPIX Mid400,0.0236
2026-08-31,9081,神奈川中央交通,陸運業,TOPIX Small 2,0.002
2026-08-31,9090,AZ-COM丸和ホールディングス,陸運業,TOPIX Small 1,0.0048
2026-08-31,9101,日本郵船,海運業,TOPIX Large70,0.2394
2026-08-31,9104,商船三井,海運業,TOPIX Large70,0.2298
2026-08-31,9107,川崎汽船,海運業,TOPIX Mid400,0.1236
2026-08-31,9110,NSユナイテッド海運,海運業,TOPIX Small 1,0.0114
2026-08-31,9119,飯野海運,海運業,TOPIX Small 1,0.0112
2026-08-31,9142,九州旅客鉄道,陸運業,TOPIX Mid400,0.047
2026-08-31,9143,SGホールディングス,陸運業,TOPIX Mid400,0.0438
2026-08-31,9147,NIPPON EXPRESSホールディングス,陸運業,TOPIX Mid400,0.1086
2026-08-31,9201,日本航空,空運業,TOPIX Mid400,0.119
2026-08-31,9202,ANAホールディングス,空運業,TOPIX Large70,0.1425
2026-08-31,9216,ビーウィズ,サービス業,TOPIX Small 2,0.0013
2026-08-31,9229,サンウェルズ,サービス業,TOPIX Small 2,0.0002
2026-08-31,9247,TREホールディングス,サービス業,TOPIX Small 1,0.0078
2026-08-31,9248,人・夢・技術グループ,サービス業,TOPIX Small 2,0.0012
2026-08-31,9262,シルバーライフ,小売業,TOPIX Small 2,0.0003
2026-08-31,9267,Genky DrugStores,小売業,TOPIX Small 1,0.0059
2026-08-31,9273,コーア商事ホールディングス,卸売業,TOPIX Small 2,0.0012
2026-08-31,9274,KPPグループホールディングス,卸売業,TOPIX Small 1,0.0053
2026-08-31,9278,ブックオフグループホールディングス,小売業,TOPIX Small 2,0.0041
2026-08-31,9279,ギフトホールディングス,小売業,TOPIX Small 2,0.005
2026-08-31,9301,三菱倉庫,倉庫・運輸関連業,TOPIX Mid400,0.0286
2026-08-31,9302,三井倉庫ホールディングス,倉庫・運輸関連業,TOPIX Mid400,0.0178
2026-08-31,9303,住友倉庫,倉庫・運輸関連業,TOPIX Small 1,0.0209
2026-08-31,9304,澁澤倉庫,倉庫・運輸関連業,TOPIX Small 2,0.0058
2026-08-31,9305,ヤマタネ,卸売業,TOPIX Small 2,0.003
2026-08-31,9308,乾汽船,海運業,TOPIX Small 2,0.0047
2026-08-31,9310,日本トランスシティ,倉庫・運輸関連業,TOPIX Small 2,0.0062
2026-08-31,9319,中央倉庫,倉庫・運輸関連業,TOPIX Small 2,0.0017
2026-08-31,9324,安田倉庫,倉庫・運輸関連業,TOPIX Small 2,0.003
2026-08-31,9332,NISSOホールディングス,サービス業,TOPIX Small 2,0.0011
2026-08-31,9336,大栄環境,サービス業,TOPIX Small 1,0.015
2026-08-31,9341,GENOVA,サービス業,TOPIX Small 2,0.0007
2026-08-31,9347,日本管財ホールディングス,サービス業,TOPIX Small 2,0.0054
2026-08-31,9364,上組,倉庫・運輸関連業,TOPIX Mid400,0.037
2026-08-31,9369,キユーソー流通システム,倉庫・運輸関連業,TOPIX Small 2,0.0031
2026-08-31,9381,エーアイテイー,倉庫・運輸関連業,TOPIX Small 2,0.0026
2026-08-31,9401,TBSホールディングス,情報・通信業,TOPIX Mid400,0.0501
2026-08-31,9404,日本テレビホールディングス,情報・通信業,TOPIX Mid400,0.0461
2026-08-31,9405,朝日放送グループホールディングス,情報・通信業,TOPIX Small 2,0.0019
2026-08-31,9409,テレビ朝日ホールディングス,情報・通信業,TOPIX Small 1,0.0132
2026-08-31,9412,スカパーJSAT,情報・通信業,TOPIX Small 1,0.0241
2026-08-31,9413,テレビ東京ホールディングス,情報・通信業,TOPIX Small 1,0.0037
2026-08-31,9416,ビジョン,情報・通信業,TOPIX Small 1,0.0035
2026-08-31,9418,U-NEXT HOLDINGS,情報・通信業,TOPIX Small 1,0.0101
2026-08-31,9424,日本通信,情報・通信業,TOPIX Small 2,0.0017
2026-08-31,9432,NTT,情報・通信業,TOPIX Core30,0.8198
2026-08-31,9433,KDDI,情報・通信業,TOPIX Core30,0.6889
2026-08-31,9434,ソフトバンク,情報・通信業,TOPIX Core30,0.6614
2026-08-31,9435,光通信,情報・通信業,TOPIX Mid400,0.0689
2026-08-31,9438,エムティーアイ,情報・通信業,TOPIX Small 2,0.0007
2026-08-31,9449,GMOインターネットグループ,情報・通信業,TOPIX Mid400,0.0204
2026-08-31,9450,ファイバーゲート,情報・通信業,TOPIX Small 2,0.0006
2026-08-31,9468,KADOKAWA,情報・通信業,TOPIX Mid400,0.0357
2026-08-31,9470,学研ホールディングス,情報・通信業,TOPIX Small 2,0.003
2026-08-31,9474,ゼンリン,情報・通信業,TOPIX Small 2,0.0024
2026-08-31,9501,東京電力ホールディングス,電気・ガス業,TOPIX Mid400,0.0837
2026-08-31,9502,中部電力,電気・ガス業,TOPIX Mid400,0.1827
2026-08-31,9503,関西電力,電気・ガス業,TOPIX Mid400,0.2629
2026-08-31,9504,中国電力,電気・ガス業,TOPIX Mid400,0.0302
2026-08-31,9505,北陸電力,電気・ガス業,TOPIX Mid400,0.018
2026-08-31,9506,東北電力,電気・ガス業,TOPIX Mid400,0.0604
2026-08-31,9507,四国電力,電気・ガス業,TOPIX Mid400,0.0316
2026-08-31,9508,九州電力,電気・ガス業,TOPIX Mid400,0.0806
2026-08-31,9509,北海道電力,電気・ガス業,TOPIX Mid400,0.0215
2026-08-31,9511,沖縄電力,電気・ガス業,TOPIX Small 1,0.0052
2026-08-31,9513,電源開発,電気・ガス業,TOPIX Mid400,0.0513
2026-08-31,9514,エフオン,電気・ガス業,TOPIX Small 2,0.0004
2026-08-31,9517,イーレックス,電気・ガス業,TOPIX Small 2,0.0031
2026-08-31,9519,レノバ,電気・ガス業,TOPIX Small 1,0.0043
2026-08-31,9531,東京瓦斯,電気・ガス業,TOPIX Mid400,0.1738
2026-08-31,9532,大阪瓦斯,電気・ガス業,TOPIX Mid400,0.1708
2026-08-31,9533,東邦瓦斯,電気・ガス業,TOPIX Mid400,0.0293
2026-08-31,9534,北海道瓦斯,電気・ガス業,TOPIX Small 2,0.0044
2026-08-31,9535,広島ガス,電気・ガス業,TOPIX Small 2,0.0016
2026-08-31,9536,西部ガスホールディングス,電気・ガス業,TOPIX Small 2,0.0051
2026-08-31,9543,静岡ガス,電気・ガス業,TOPIX Small 1,0.0058
2026-08-31,9551,メタウォーター,電気・ガス業,TOPIX Small 1,0.0071
2026-08-31,9552,クオンツ総研ホールディングス,サービス業,TOPIX Small 1,0.0024
2026-08-31,9601,松竹,情報・通信業,TOPIX Small 1,0.0104
2026-08-31,9602,東宝,情報・通信業,TOPIX Mid400,0.0693
2026-08-31,9603,エイチ・アイ・エス,サービス業,TOPIX Small 1,0.0067
2026-08-31,9605,東映,情報・通信業,TOPIX Small 1,0.0172
2026-08-31,9612,ラックランド,サービス業,TOPIX Small 2,0.0009
2026-08-31,9616,共立メンテナンス,サービス業,TOPIX Mid400,0.0244
2026-08-31,9619,イチネンホールディングス,サービス業,TOPIX Small 2,0.0046
2026-08-31,9621,建設技術研究所,サービス業,TOPIX Small 1,0.0059
2026-08-31,9622,スペース,サービス業,TOPIX Small 2,0.0019
2026-08-31,9627,アインホールディングス,小売業,TOPIX Mid400,0.0127
2026-08-31,9628,燦ホールディングス,サービス業,TOPIX Small 2,0.002
2026-08-31,9629,ピー・シー・エー,情報・通信業,TOPIX Small 2,0.0019
2026-08-31,9632,スバル興業,サービス業,TOPIX Small 2,0.0023
2026-08-31,9644,タナベコンサルティンググループ,サービス業,TOPIX Small 2,0.0012
2026-08-31,9658,ビジネスブレイン太田昭和,情報・通信業,TOPIX Small 2,0.0021
2026-08-31,9663,ナガワ,サービス業,TOPIX Small 2,0.0025
2026-08-31,9672,東京都競馬,サービス業,TOPIX Small 1,0.0073
2026-08-31,9678,カナモト,サービス業,TOPIX Small 1,0.0144
2026-08-31,9682,DTS,情報・通信業,TOPIX Small 1,0.0158
2026-08-31,9684,スクウェア・エニックス・ホールディングス,情報・通信業,TOPIX Mid400,0.0841
2026-08-31,9692,シーイーシー,情報・通信業,TOPIX Small 1,0.0052
2026-08-31,9697,カプコン,情報・通信業,TOPIX Mid400,0.1469
2026-08-31,9699,ニシオホールディングス,サービス業,TOPIX Small 1,0.0068
2026-08-31,9702,アイ・エス・ビー,情報・通信業,TOPIX Small 2,0.0018
2026-08-31,9706,日本空港ビルデング,不動産業,TOPIX Mid400,0.0355
2026-08-31,9715,トランス・コスモス,サービス業,TOPIX Small 1,0.0084
2026-08-31,9716,乃村工藝社,サービス業,TOPIX Small 1,0.0098
2026-08-31,9722,藤田観光,サービス業,TOPIX Small 1,0.0108
2026-08-31,9726,KNT-CTホールディングス,サービス業,TOPIX Small 2,0.0017
2026-08-31,9729,トーカイ,サービス業,TOPIX Small 2,0.0033
2026-08-31,9735,セコム,サービス業,TOPIX Large70,0.215
2026-08-31,9739,NSW,情報・通信業,TOPIX Small 2,0.0022
2026-08-31,9740,セントラル警備保障,サービス業,TOPIX Small 2,0.0024
2026-08-31,9742,アイネス,情報・通信業,TOPIX Small 2,0.0032
2026-08-31,9743,丹青社,サービス業,TOPIX Small 1,0.0057
2026-08-31,9744,メイテックグループホールディングス,サービス業,TOPIX Mid400,0.0224
2026-08-31,9746,TKC,情報・通信業,TOPIX Small 1,0.0119
2026-08-31,9755,応用地質,サービス業,TOPIX Small 2,0.0045
2026-08-31,9757,船井総研ホールディングス,サービス業,TOPIX Small 1,0.0084
2026-08-31,9759,NSD,情報・通信業,TOPIX Mid400,0.0181
2026-08-31,9766,コナミグループ,情報・通信業,TOPIX Mid400,0.1638
2026-08-31,9769,学究社,サービス業,TOPIX Small 2,0.0019
2026-08-31,9788,ナック,サービス業,TOPIX Small 2,0.0009
2026-08-31,9790,福井コンピュータホールディングス,情報・通信業,TOPIX Small 2,0.0029
2026-08-31,9793,ダイセキ,サービス業,TOPIX Small 1,0.0129
2026-08-31,9795,ステップ,サービス業,TOPIX Small 2,0.0015
2026-08-31,9824,泉州電業,卸売業,TOPIX Small 1,0.0102
2026-08-31,9828,Genki Global Dining Concepts,小売業,TOPIX Small 1,0.0037
2026-08-31,9830,トラスコ中山,卸売業,TOPIX Small 1,0.0103
2026-08-31,9831,ヤマダホールディングス,小売業,TOPIX Mid400,0.0403
2026-08-31,9832,オートバックスセブン,卸売業,TOPIX Small 1,0.01
2026-08-31,9837,モリト,卸売業,TOPIX Small 2,0.0029
2026-08-31,9842,アークランズ,小売業,TOPIX Small 1,0.0101
2026-08-31,9843,ニトリホールディングス,小売業,TOPIX Mid400,0.09
2026-08-31,9850,グルメ杵屋,小売業,TOPIX Small 2,0.0015
2026-08-31,9856,ケーユーホールディングス,小売業,TOPIX Small 2,0.0016
2026-08-31,9861,吉野家ホールディングス,小売業,TOPIX Mid400,0.0257
2026-08-31,9869,加藤産業,卸売業,TOPIX Small 1,0.0151
2026-08-31,9880,イノテック,電気機器,TOPIX Small 2,0.004
2026-08-31,9882,イエローハット,卸売業,TOPIX Small 1,0.0079
2026-08-31,9887,松屋フーズホールディングス,小売業,TOPIX Small 1,0.005
2026-08-31,9889,JBCCホールディングス,情報・通信業,TOPIX Small 1,0.0082
2026-08-31,9896,JKホールディングス,卸売業,TOPIX Small 2,0.0017
2026-08-31,9900,サガミホールディングス,小売業,TOPIX Small 1,0.0067
2026-08-31,9902,日伝,卸売業,TOPIX Small 2,0.0031
2026-08-31,9928,ミロク情報サービス,情報・通信業,TOPIX Small 2,0.003
2026-08-31,9932,杉本商事,卸売業,TOPIX Small 2,0.002
2026-08-31,9934,因幡電機産業,卸売業,TOPIX Mid400,0.0294
2026-08-31,9936,王将フードサービス,小売業,TOPIX Small 1,0.0112
2026-08-31,9946,ミニストップ,小売業,TOPIX Small 2,0.0024
2026-08-31,9948,アークス,小売業,TOPIX Small 1,0.0115
2026-08-31,9956,バローホールディングス,小売業,TOPIX Small 1,0.0124
2026-08-31,9960,東テク,卸売業,TOPIX Small 1,0.0078
2026-08-31,9962,ミスミグループ本社,卸売業,TOPIX Mid400,0.0969
2026-08-31,9974,ベルク,小売業,TOPIX Small 1,0.0055
2026-08-31,9979,大庄,小売業,TOPIX Small 2,0.0012
2026-08-31,9983,ファーストリテイリング,小売業,TOPIX Core30,0.8927
2026-08-31,9984,ソフトバンクグループ,情報・通信業,TOPIX Core30,1.7252
2026-08-31,9987,スズケン,卸売業,TOPIX Mid400,0.0312
2026-08-31,9989,サンドラッグ,小売業,TOPIX Mid400,0.0201
2026-08-31,9990,サックスバー ホールディングス,小売業,TOPIX Small 2,0.0012
2026-08-31,9991,ジェコス,卸売業,TOPIX Small 2,0.0023
2026-08-31,9997,ベルーナ,小売業,TOPIX Small 1,0.0048
