code,name,sector,type,sector33,size,weight,weight_date
1306,TOPIX連動型ETF,BENCH,bench,,,,
1617,食品,食品,etf,,,,
1618,エネルギー資源,エネルギー資源,etf,,,,
1619,建設・資材,建設・資材,etf,,,,
1620,素材・化学,素材・化学,etf,,,,
1621,医薬品,医薬品,etf,,,,
1622,自動車・輸送機,自動車・輸送機,etf,,,,
1623,鉄鋼・非鉄,鉄鋼・非鉄,etf,,,,
1624,機械,機械,etf,,,,
1625,電機・精密,電機・精密,etf,,,,
1626,情報通信・サービスその他,情報通信・サービスその他,etf,,,,
1627,電力・ガス,電力・ガス,etf,,,,
1628,運輸・物流,運輸・物流,etf,,,,
1629,商社・卸売,商社・卸売,etf,,,,
1630,小売,小売,etf,,,,
1631,銀行,銀行,etf,,,,
1632,金融(除く銀行),金融(除く銀行),etf,,,,
1633,不動産,不動産,etf,,,,
5020,ENEOSホールディングス,エネルギー資源,stock,石油・石炭製品,TOPIX Large70,0.3275,2026-08-31
1605,INPEX,エネルギー資源,stock,鉱業,TOPIX Mid400,0.3215,2026-08-31
5019,出光興産,エネルギー資源,stock,石油・石炭製品,TOPIX Mid400,0.1009,2026-08-31
5021,コスモエネルギーホールディングス,エネルギー資源,stock,石油・石炭製品,TOPIX Mid400,0.041,2026-08-31
8802,三菱地所,不動産,stock,不動産業,TOPIX Large70,0.3856,2026-08-31
8801,三井不動産,不動産,stock,不動産業,TOPIX Large70,0.374,2026-08-31
8830,住友不動産,不動産,stock,不動産業,TOPIX Large70,0.1607,2026-08-31
1878,大東建託,不動産,stock,不動産業,TOPIX Mid400,0.0963,2026-08-31
3003,ヒューリック,不動産,stock,不動産業,TOPIX Mid400,0.0884,2026-08-31
3289,東急不動産ホールディングス,不動産,stock,不動産業,TOPIX Mid400,0.0617,2026-08-31
8804,東京建物,不動産,stock,不動産業,TOPIX Mid400,0.0509,2026-08-31
3231,野村不動産ホールディングス,不動産,stock,不動産業,TOPIX Mid400,0.0442,2026-08-31
3288,オープンハウスグループ,不動産,stock,不動産業,TOPIX Mid400,0.0419,2026-08-31
9706,日本空港ビルデング,不動産,stock,不動産業,TOPIX Mid400,0.0355,2026-08-31
3291,飯田グループホールディングス,不動産,stock,不動産業,TOPIX Mid400,0.0344,2026-08-31
4666,パーク24,不動産,stock,不動産業,TOPIX Mid400,0.0244,2026-08-31
4502,武田薬品工業,医薬品,stock,医薬品,TOPIX Core30,0.8881,2026-08-31
4578,大塚ホールディングス,医薬品,stock,医薬品,TOPIX Large70,0.5151,2026-08-31
4568,第一三共,医薬品,stock,医薬品,TOPIX Core30,0.4451,2026-08-31
4519,中外製薬,医薬品,stock,医薬品,TOPIX Large70,0.3746,2026-08-31
4503,アステラス製薬,医薬品,stock,医薬品,TOPIX Large70,0.3601,2026-08-31
4507,塩野義製薬,医薬品,stock,医薬品,TOPIX Large70,0.1838,2026-08-31
4523,エーザイ,医薬品,stock,医薬品,TOPIX Mid400,0.1071,2026-08-31
4528,小野薬品工業,医薬品,stock,医薬品,TOPIX Mid400,0.0946,2026-08-31
4527,ロート製薬,医薬品,stock,医薬品,TOPIX Mid400,0.0559,2026-08-31
4536,参天製薬,医薬品,stock,医薬品,TOPIX Mid400,0.0546,2026-08-31
4151,協和キリン,医薬品,stock,医薬品,TOPIX Mid400,0.0535,2026-08-31
4506,住友ファーマ,医薬品,stock,医薬品,TOPIX Mid400,0.027,2026-08-31
4540,ツムラ,医薬品,stock,医薬品,TOPIX Mid400,0.0225,2026-08-31
4516,日本新薬,医薬品,stock,医薬品,TOPIX Mid400,0.0161,2026-08-31
4887,サワイグループホールディングス,医薬品,stock,医薬品,TOPIX Mid400,0.0143,2026-08-31
4587,ペプチドリーム,医薬品,stock,医薬品,TOPIX Mid400,0.0101,2026-08-31
8058,三菱商事,商社・卸売,stock,卸売業,TOPIX Core30,1.6106,2026-08-31
8031,三井物産,商社・卸売,stock,卸売業,TOPIX Core30,1.2965,2026-08-31
8001,伊藤忠商事,商社・卸売,stock,卸売業,TOPIX Core30,1.2937,2026-08-31
8053,住友商事,商社・卸売,stock,卸売業,TOPIX Large70,0.7736,2026-08-31
8002,丸紅,商社・卸売,stock,卸売業,TOPIX Large70,0.6866,2026-08-31
8015,豊田通商,商社・卸売,stock,卸売業,TOPIX Large70,0.3645,2026-08-31
8136,サンリオ,商社・卸売,stock,卸売業,TOPIX Mid400,0.1166,2026-08-31
2768,双日,商社・卸売,stock,卸売業,TOPIX Mid400,0.0987,2026-08-31
9962,ミスミグループ本社,商社・卸売,stock,卸売業,TOPIX Mid400,0.0969,2026-08-31
7459,メディパルホールディングス,商社・卸売,stock,卸売業,TOPIX Mid400,0.0564,2026-08-31
3132,マクニカホールディングス,商社・卸売,stock,卸売業,TOPIX Mid400,0.0472,2026-08-31
8088,岩谷産業,商社・卸売,stock,卸売業,TOPIX Mid400,0.0402,2026-08-31
2784,アルフレッサ ホールディングス,商社・卸売,stock,卸売業,TOPIX Mid400,0.04,2026-08-31
3038,神戸物産,商社・卸売,stock,卸売業,TOPIX Mid400,0.0399,2026-08-31
8012,長瀬産業,商社・卸売,stock,卸売業,TOPIX Mid400,0.0367,2026-08-31
8020,兼松,商社・卸売,stock,卸売業,TOPIX Mid400,0.0345,2026-08-31
8060,キヤノンマーケティングジャパン,商社・卸売,stock,卸売業,TOPIX Mid400,0.0322,2026-08-31
9987,スズケン,商社・卸売,stock,卸売業,TOPIX Mid400,0.0312,2026-08-31
9934,因幡電機産業,商社・卸売,stock,卸売業,TOPIX Mid400,0.0294,2026-08-31
3107,ダイワボウホールディングス,商社・卸売,stock,卸売業,TOPIX Mid400,0.0261,2026-08-31
8129,東邦ホールディングス,商社・卸売,stock,卸売業,TOPIX Mid400,0.0205,2026-08-31
3360,シップヘルスケアホールディングス,商社・卸売,stock,卸売業,TOPIX Mid400,0.016,2026-08-31
7476,アズワン,商社・卸売,stock,卸売業,TOPIX Mid400,0.0147,2026-08-31
7458,第一興商,商社・卸売,stock,卸売業,TOPIX Mid400,0.0115,2026-08-31
9983,ファーストリテイリング,小売,stock,小売業,TOPIX Core30,0.8927,2026-08-31
3382,セブン&アイ・ホールディングス,小売,stock,小売業,TOPIX Core30,0.3641,2026-08-31
8267,イオン,小売,stock,小売業,TOPIX Large70,0.2924,2026-08-31
7453,良品計画,小売,stock,小売業,TOPIX Mid400,0.1725,2026-08-31
7532,パン・パシフィック・インターナショナルホールディングス,小売,stock,小売業,TOPIX Mid400,0.1489,2026-08-31
3563,FOOD & LIFE COMPANIES,小売,stock,小売業,TOPIX Mid400,0.1234,2026-08-31
7550,ゼンショーホールディングス,小売,stock,小売業,TOPIX Mid400,0.1101,2026-08-31
3099,三越伊勢丹ホールディングス,小売,stock,小売業,TOPIX Mid400,0.1,2026-08-31
9843,ニトリホールディングス,小売,stock,小売業,TOPIX Mid400,0.09,2026-08-31
3197,すかいらーくホールディングス,小売,stock,小売業,TOPIX Mid400,0.084,2026-08-31
3088,マツキヨココカラ&カンパニー,小売,stock,小売業,TOPIX Mid400,0.082,2026-08-31
3391,ツルハホールディングス,小売,stock,小売業,TOPIX Mid400,0.0659,2026-08-31
3086,J.フロント リテイリング,小売,stock,小売業,TOPIX Mid400,0.0619,2026-08-31
8233,高島屋,小売,stock,小売業,TOPIX Mid400,0.06,2026-08-31
3064,MonotaRO,小売,stock,小売業,TOPIX Mid400,0.0494,2026-08-31
8227,しまむら,小売,stock,小売業,TOPIX Mid400,0.0421,2026-08-31
9831,ヤマダホールディングス,小売,stock,小売業,TOPIX Mid400,0.0403,2026-08-31
3092,ZOZO,小売,stock,小売業,TOPIX Mid400,0.0331,2026-08-31
8252,丸井グループ,小売,stock,小売業,TOPIX Mid400,0.0311,2026-08-31
8242,エイチ・ツー・オー リテイリング,小売,stock,小売業,TOPIX Mid400,0.0271,2026-08-31
2670,エービーシー・マート,小売,stock,小売業,TOPIX Mid400,0.0261,2026-08-31
7649,スギホールディングス,小売,stock,小売業,TOPIX Mid400,0.0259,2026-08-31
9861,吉野家ホールディングス,小売,stock,小売業,TOPIX Mid400,0.0257,2026-08-31
8174,日本瓦斯,小売,stock,小売業,TOPIX Mid400,0.0255,2026-08-31
8282,ケーズホールディングス,小売,stock,小売業,TOPIX Mid400,0.0232,2026-08-31
3397,トリドールホールディングス,小売,stock,小売業,TOPIX Mid400,0.0225,2026-08-31
7616,コロワイド,小売,stock,小売業,TOPIX Mid400,0.0221,2026-08-31
3349,コスモス薬品,小売,stock,小売業,TOPIX Mid400,0.0201,2026-08-31
9989,サンドラッグ,小売,stock,小売業,TOPIX Mid400,0.0201,2026-08-31
417A,ブルーゾーンホールディングス,小売,stock,小売業,TOPIX Mid400,0.02,2026-08-31
3048,ビックカメラ,小売,stock,小売業,TOPIX Mid400,0.0195,2026-08-31
3549,クスリのアオキホールディングス,小売,stock,小売業,TOPIX Mid400,0.0178,2026-08-31
9627,アインホールディングス,小売,stock,小売業,TOPIX Mid400,0.0127,2026-08-31
1925,大和ハウス工業,建設・資材,stock,建設業,TOPIX Large70,0.2192,2026-08-31
1812,鹿島建設,建設・資材,stock,建設業,TOPIX Mid400,0.1816,2026-08-31
1928,積水ハウス,建設・資材,stock,建設業,TOPIX Large70,0.1738,2026-08-31
1802,大林組,建設・資材,stock,建設業,TOPIX Mid400,0.1603,2026-08-31
1801,大成建設,建設・資材,stock,建設業,TOPIX Mid400,0.1589,2026-08-31
5334,日本特殊陶業,建設・資材,stock,ガラス・土石製品,TOPIX Mid400,0.1181,2026-08-31
3436,SUMCO,建設・資材,stock,金属製品,TOPIX Mid400,0.1153,2026-08-31
1803,清水建設,建設・資材,stock,建設業,TOPIX Mid400,0.1105,2026-08-31
5201,AGC,建設・資材,stock,ガラス・土石製品,TOPIX Mid400,0.1047,2026-08-31
5333,NGK,建設・資材,stock,ガラス・土石製品,TOPIX Mid400,0.0982,2026-08-31
5332,TOTO,建設・資材,stock,ガラス・土石製品,TOPIX Mid400,0.0688,2026-08-31
1944,きんでん,建設・資材,stock,建設業,TOPIX Mid400,0.0678,2026-08-31
5929,三和ホールディングス,建設・資材,stock,金属製品,TOPIX Mid400,0.0617,2026-08-31
1911,住友林業,建設・資材,stock,建設業,TOPIX Mid400,0.0591,2026-08-31
1942,関電工,建設・資材,stock,建設業,TOPIX Mid400,0.0509,2026-08-31
5076,インフロニア・ホールディングス,建設・資材,stock,建設業,TOPIX Mid400,0.0506,2026-08-31
5938,LIXIL,建設・資材,stock,金属製品,TOPIX Mid400,0.0493,2026-08-31
5393,ニチアス,建設・資材,stock,ガラス・土石製品,TOPIX Mid400,0.0472,2026-08-31
5991,日本発條,建設・資材,stock,金属製品,TOPIX Mid400,0.0461,2026-08-31
5233,太平洋セメント,建設・資材,stock,ガラス・土石製品,TOPIX Mid400,0.0453,2026-08-31
1808,長谷工コーポレーション,建設・資材,stock,建設業,TOPIX Mid400,0.0438,2026-08-31
1951,エクシオグループ,建設・資材,stock,建設業,TOPIX Mid400,0.0421,2026-08-31
1721,コムシスホールディングス,建設・資材,stock,建設業,TOPIX Mid400,0.0416,2026-08-31
1963,日揮ホールディングス,建設・資材,stock,建設業,TOPIX Mid400,0.0409,2026-08-31
5901,東洋製罐グループホールディングス,建設・資材,stock,金属製品,TOPIX Mid400,0.0401,2026-08-31
1969,高砂熱学工業,建設・資材,stock,建設業,TOPIX Mid400,0.0392,2026-08-31
5344,MARUWA,建設・資材,stock,ガラス・土石製品,TOPIX Mid400,0.0382,2026-08-31
1893,五洋建設,建設・資材,stock,建設業,TOPIX Mid400,0.0349,2026-08-31
5947,リンナイ,建設・資材,stock,金属製品,TOPIX Mid400,0.033,2026-08-31
1860,戸田建設,建設・資材,stock,建設業,TOPIX Mid400,0.0315,2026-08-31
5301,東海カーボン,建設・資材,stock,ガラス・土石製品,TOPIX Mid400,0.0315,2026-08-31
1417,ミライト・ワン,建設・資材,stock,建設業,TOPIX Mid400,0.0299,2026-08-31
1959,クラフティア,建設・資材,stock,建設業,TOPIX Mid400,0.0298,2026-08-31
5214,日本電気硝子,建設・資材,stock,ガラス・土石製品,TOPIX Mid400,0.028,2026-08-31
1719,安藤・間,建設・資材,stock,建設業,TOPIX Mid400,0.0247,2026-08-31
1414,ショーボンドホールディングス,建設・資材,stock,建設業,TOPIX Mid400,0.018,2026-08-31
5232,住友大阪セメント,建設・資材,stock,ガラス・土石製品,TOPIX Mid400,0.0165,2026-08-31
1820,西松建設,建設・資材,stock,建設業,TOPIX Mid400,0.015,2026-08-31
6098,リクルートホールディングス,情報通信・サービスその他,stock,サービス業,TOPIX Core30,2.2503,2026-08-31
9984,ソフトバンクグループ,情報通信・サービスその他,stock,情報・通信業,TOPIX Core30,1.7252,2026-08-31
7974,任天堂,情報通信・サービスその他,stock,その他製品,TOPIX Core30,0.9767,2026-08-31
9432,NTT,情報通信・サービスその他,stock,情報・通信業,TOPIX Core30,0.8198,2026-08-31
9433,KDDI,情報通信・サービスその他,stock,情報・通信業,TOPIX Core30,0.6889,2026-08-31
9434,ソフトバンク,情報通信・サービスその他,stock,情報・通信業,TOPIX Core30,0.6614,2026-08-31
6178,日本郵政,情報通信・サービスその他,stock,サービス業,TOPIX Large70,0.3629,2026-08-31
7936,アシックス,情報通信・サービスその他,stock,その他製品,TOPIX Large70,0.32,2026-08-31
4661,オリエンタルランド,情報通信・サービスその他,stock,サービス業,TOPIX Large70,0.3163,2026-08-31
7832,バンダイナムコホールディングス,情報通信・サービスその他,stock,その他製品,TOPIX Large70,0.2619,2026-08-31
9735,セコム,情報通信・サービスその他,stock,サービス業,TOPIX Large70,0.215,2026-08-31
4307,野村総合研究所,情報通信・サービスその他,stock,情報・通信業,TOPIX Large70,0.1725,2026-08-31
9766,コナミグループ,情報通信・サービスその他,stock,情報・通信業,TOPIX Mid400,0.1638,2026-08-31
4684,オービック,情報通信・サービスその他,stock,情報・通信業,TOPIX Mid400,0.1615,2026-08-31
4689,LINEヤフー,情報通信・サービスその他,stock,情報・通信業,TOPIX Large70,0.1482,2026-08-31
9697,カプコン,情報通信・サービスその他,stock,情報・通信業,TOPIX Mid400,0.1469,2026-08-31
7912,大日本印刷,情報通信・サービスその他,stock,その他製品,TOPIX Mid400,0.1155,2026-08-31
3659,ネクソン,情報通信・サービスその他,stock,情報・通信業,TOPIX Mid400,0.1136,2026-08-31
4755,楽天グループ,情報通信・サービスその他,stock,サービス業,TOPIX Mid400,0.1093,2026-08-31
6532,ベイカレント,情報通信・サービスその他,stock,サービス業,TOPIX Mid400,0.1068,2026-08-31
7911,TOPPANホールディングス,情報通信・サービスその他,stock,その他製品,TOPIX Mid400,0.1066,2026-08-31
9684,スクウェア・エニックス・ホールディングス,情報通信・サービスその他,stock,情報・通信業,TOPIX Mid400,0.0841,2026-08-31
4324,電通グループ,情報通信・サービスその他,stock,サービス業,TOPIX Mid400,0.0762,2026-08-31
4768,大塚商会,情報通信・サービスその他,stock,情報・通信業,TOPIX Mid400,0.0708,2026-08-31
3626,TISI,情報通信・サービスその他,stock,情報・通信業,TOPIX Mid400,0.0701,2026-08-31
9602,東宝,情報通信・サービスその他,stock,情報・通信業,TOPIX Mid400,0.0693,2026-08-31
9435,光通信,情報通信・サービスその他,stock,情報・通信業,TOPIX Mid400,0.0689,2026-08-31
4732,ユー・エス・エス,情報通信・サービスその他,stock,サービス業,TOPIX Mid400,0.0671,2026-08-31
2413,エムスリー,情報通信・サービスその他,stock,サービス業,TOPIX Mid400,0.0643,2026-08-31
4676,フジ・メディア・ホールディングス,情報通信・サービスその他,stock,情報・通信業,TOPIX Mid400,0.0571,2026-08-31
4704,トレンドマイクロ,情報通信・サービスその他,stock,情報・通信業,TOPIX Mid400,0.0545,2026-08-31
4751,サイバーエージェント,情報通信・サービスその他,stock,サービス業,TOPIX Mid400,0.0532,2026-08-31
9401,TBSホールディングス,情報通信・サービスその他,stock,情報・通信業,TOPIX Mid400,0.0501,2026-08-31
2181,パーソルホールディングス,情報通信・サービスその他,stock,サービス業,TOPIX Mid400,0.0487,2026-08-31
9404,日本テレビホールディングス,情報通信・サービスその他,stock,情報・通信業,TOPIX Mid400,0.0461,2026-08-31
2371,カカクコム,情報通信・サービスその他,stock,サービス業,TOPIX Mid400,0.0422,2026-08-31
3769,GMOペイメントゲートウェイ,情報通信・サービスその他,stock,情報・通信業,TOPIX Mid400,0.0373,2026-08-31
2331,ALSOK,情報通信・サービスその他,stock,サービス業,TOPIX Mid400,0.036,2026-08-31
7951,ヤマハ,情報通信・サービスその他,stock,その他製品,TOPIX Mid400,0.036,2026-08-31
9468,KADOKAWA,情報通信・サービスその他,stock,情報・通信業,TOPIX Mid400,0.0357,2026-08-31
4385,メルカリ,情報通信・サービスその他,stock,情報・通信業,TOPIX Mid400,0.0345,2026-08-31
3774,インターネットイニシアティブ,情報通信・サービスその他,stock,情報・通信業,TOPIX Mid400,0.0321,2026-08-31
4681,リゾートトラスト,情報通信・サービスその他,stock,サービス業,TOPIX Mid400,0.0318,2026-08-31
7867,タカラトミー,情報通信・サービスその他,stock,その他製品,TOPIX Mid400,0.0317,2026-08-31
4716,日本オラクル,情報通信・サービスその他,stock,情報・通信業,TOPIX Mid400,0.0312,2026-08-31
2433,博報堂DYホールディングス,情報通信・サービスその他,stock,サービス業,TOPIX Mid400,0.0289,2026-08-31
7984,コクヨ,情報通信・サービスその他,stock,その他製品,TOPIX Mid400,0.0289,2026-08-31
3994,マネーフォワード,情報通信・サービスその他,stock,情報・通信業,TOPIX Mid400,0.0278,2026-08-31
8056,BIPROGY,情報通信・サービスその他,stock,情報・通信業,TOPIX Mid400,0.0274,2026-08-31
4733,オービックビジネスコンサルタント,情報通信・サービスその他,stock,情報・通信業,TOPIX Mid400,0.0256,2026-08-31
9616,共立メンテナンス,情報通信・サービスその他,stock,サービス業,TOPIX Mid400,0.0244,2026-08-31
6544,ジャパンエレベーターサービスホールディングス,情報通信・サービスその他,stock,サービス業,TOPIX Mid400,0.0234,2026-08-31
4680,ラウンドワン,情報通信・サービスその他,stock,サービス業,TOPIX Mid400,0.0227,2026-08-31
9744,メイテックグループホールディングス,情報通信・サービスその他,stock,サービス業,TOPIX Mid400,0.0224,2026-08-31
4194,ビジョナル,情報通信・サービスその他,stock,情報・通信業,TOPIX Mid400,0.0223,2026-08-31
7956,ピジョン,情報通信・サービスその他,stock,その他製品,TOPIX Mid400,0.0216,2026-08-31
9449,GMOインターネットグループ,情報通信・サービスその他,stock,情報・通信業,TOPIX Mid400,0.0204,2026-08-31
4544,H.U.グループホールディングス,情報通信・サービスその他,stock,サービス業,TOPIX Mid400,0.0201,2026-08-31
2127,日本M&Aセンターホールディングス,情報通信・サービスその他,stock,サービス業,TOPIX Mid400,0.0194,2026-08-31
2327,日鉄ソリューションズ,情報通信・サービスその他,stock,情報・通信業,TOPIX Mid400,0.0191,2026-08-31
4665,ダスキン,情報通信・サービスその他,stock,サービス業,TOPIX Mid400,0.019,2026-08-31
3923,ラクス,情報通信・サービスその他,stock,情報・通信業,TOPIX Mid400,0.0186,2026-08-31
3635,コーエーテクモホールディングス,情報通信・サービスその他,stock,情報・通信業,TOPIX Mid400,0.0185,2026-08-31
2432,ディー・エヌ・エー,情報通信・サービスその他,stock,情報・通信業,TOPIX Mid400,0.0182,2026-08-31
9759,NSD,情報通信・サービスその他,stock,情報・通信業,TOPIX Mid400,0.0181,2026-08-31
8876,リログループ,情報通信・サービスその他,stock,サービス業,TOPIX Mid400,0.0175,2026-08-31
3697,SHIFT,情報通信・サービスその他,stock,情報・通信業,TOPIX Mid400,0.0165,2026-08-31
7846,パイロットコーポレーション,情報通信・サービスその他,stock,その他製品,TOPIX Mid400,0.0153,2026-08-31
7011,三菱重工業,機械,stock,機械,TOPIX Core30,1.2701,2026-08-31
6301,小松製作所,機械,stock,機械,TOPIX Large70,0.6252,2026-08-31
6146,ディスコ,機械,stock,機械,TOPIX Large70,0.4884,2026-08-31
6367,ダイキン工業,機械,stock,機械,TOPIX Core30,0.4802,2026-08-31
6273,SMC,機械,stock,機械,TOPIX Large70,0.3498,2026-08-31
6326,クボタ,機械,stock,機械,TOPIX Large70,0.2586,2026-08-31
7013,IHI,機械,stock,機械,TOPIX Mid400,0.2436,2026-08-31
6361,荏原製作所,機械,stock,機械,TOPIX Mid400,0.1935,2026-08-31
6383,ダイフク,機械,stock,機械,TOPIX Mid400,0.1707,2026-08-31
6586,マキタ,機械,stock,機械,TOPIX Mid400,0.1149,2026-08-31
6370,栗田工業,機械,stock,機械,TOPIX Mid400,0.0849,2026-08-31
6113,アマダ,機械,stock,機械,TOPIX Mid400,0.0636,2026-08-31
6465,ホシザキ,機械,stock,機械,TOPIX Mid400,0.0586,2026-08-31
6481,THK,機械,stock,機械,TOPIX Mid400,0.0561,2026-08-31
6302,住友重機械工業,機械,stock,機械,TOPIX Mid400,0.0548,2026-08-31
6134,FUJI,機械,stock,機械,TOPIX Mid400,0.0495,2026-08-31
6268,ナブテスコ,機械,stock,機械,TOPIX Mid400,0.0457,2026-08-31
6269,三井海洋開発,機械,stock,機械,TOPIX Mid400,0.0428,2026-08-31
6460,セガサミーホールディングス,機械,stock,機械,TOPIX Mid400,0.0428,2026-08-31
6323,ローツェ,機械,stock,機械,TOPIX Mid400,0.0416,2026-08-31
6305,日立建機,機械,stock,機械,TOPIX Mid400,0.0398,2026-08-31
6141,DMG森精機,機械,stock,機械,TOPIX Mid400,0.0395,2026-08-31
5631,日本製鋼所,機械,stock,機械,TOPIX Mid400,0.039,2026-08-31
7003,三井E&S,機械,stock,機械,TOPIX Mid400,0.0381,2026-08-31
6471,日本精工,機械,stock,機械,TOPIX Mid400,0.0358,2026-08-31
6473,ジェイテクト,機械,stock,機械,TOPIX Mid400,0.0354,2026-08-31
6417,SANKYO,機械,stock,機械,TOPIX Mid400,0.0328,2026-08-31
6368,オルガノ,機械,stock,機械,TOPIX Mid400,0.0311,2026-08-31
6005,三浦工業,機械,stock,機械,TOPIX Mid400,0.026,2026-08-31
6136,オーエスジー,機械,stock,機械,TOPIX Mid400,0.023,2026-08-31
6457,グローリー,機械,stock,機械,TOPIX Mid400,0.0206,2026-08-31
6436,アマノ,機械,stock,機械,TOPIX Mid400,0.0182,2026-08-31
6472,NTN,機械,stock,機械,TOPIX Mid400,0.0173,2026-08-31
4063,信越化学工業,素材・化学,stock,化学,TOPIX Core30,0.9259,2026-08-31
4901,富士フイルムホールディングス,素材・化学,stock,化学,TOPIX Large70,0.351,2026-08-31
4452,花王,素材・化学,stock,化学,TOPIX Large70,0.2984,2026-08-31
4004,レゾナック・ホールディングス,素材・化学,stock,化学,TOPIX Mid400,0.2541,2026-08-31
3407,旭化成,素材・化学,stock,化学,TOPIX Large70,0.1884,2026-08-31
6988,日東電工,素材・化学,stock,化学,TOPIX Mid400,0.1846,2026-08-31
3402,東レ,素材・化学,stock,繊維製品,TOPIX Mid400,0.15,2026-08-31
4188,三菱ケミカルグループ,素材・化学,stock,化学,TOPIX Large70,0.1458,2026-08-31
4911,資生堂,素材・化学,stock,化学,TOPIX Mid400,0.1443,2026-08-31
4091,日本酸素ホールディングス,素材・化学,stock,化学,TOPIX Mid400,0.1111,2026-08-31
4612,日本ペイントホールディングス,素材・化学,stock,化学,TOPIX Mid400,0.1109,2026-08-31
8113,ユニ・チャーム,素材・化学,stock,化学,TOPIX Large70,0.1079,2026-08-31
4204,積水化学工業,素材・化学,stock,化学,TOPIX Mid400,0.0903,2026-08-31
4005,住友化学,素材・化学,stock,化学,TOPIX Mid400,0.0796,2026-08-31
4021,日産化学,素材・化学,stock,化学,TOPIX Mid400,0.0715,2026-08-31
4186,東京応化工業,素材・化学,stock,化学,TOPIX Mid400,0.071,2026-08-31
4183,三井化学,素材・化学,stock,化学,TOPIX Mid400,0.068,2026-08-31
4042,東ソー,素材・化学,stock,化学,TOPIX Mid400,0.0672,2026-08-31
4403,日油,素材・化学,stock,化学,TOPIX Mid400,0.0538,2026-08-31
3861,王子ホールディングス,素材・化学,stock,パルプ・紙,TOPIX Mid400,0.0521,2026-08-31
4182,三菱瓦斯化学,素材・化学,stock,化学,TOPIX Mid400,0.0489,2026-08-31
4980,デクセリアルズ,素材・化学,stock,化学,TOPIX Mid400,0.0451,2026-08-31
3405,クラレ,素材・化学,stock,化学,TOPIX Mid400,0.0433,2026-08-31
4203,住友ベークライト,素材・化学,stock,化学,TOPIX Mid400,0.0427,2026-08-31
4912,ライオン,素材・化学,stock,化学,TOPIX Mid400,0.0412,2026-08-31
4613,関西ペイント,素材・化学,stock,化学,TOPIX Mid400,0.0397,2026-08-31
4626,太陽ホールディングス,素材・化学,stock,化学,TOPIX Mid400,0.0392,2026-08-31
7988,ニフコ,素材・化学,stock,化学,TOPIX Mid400,0.0343,2026-08-31
4631,DIC,素材・化学,stock,化学,TOPIX Mid400,0.034,2026-08-31
4208,UBE,素材・化学,stock,化学,TOPIX Mid400,0.0318,2026-08-31
4205,日本ゼオン,素材・化学,stock,化学,TOPIX Mid400,0.0306,2026-08-31
4401,ADEKA,素材・化学,stock,化学,TOPIX Mid400,0.0298,2026-08-31
4967,小林製薬,素材・化学,stock,化学,TOPIX Mid400,0.0287,2026-08-31
3941,レンゴー,素材・化学,stock,パルプ・紙,TOPIX Mid400,0.0285,2026-08-31
4114,日本触媒,素材・化学,stock,化学,TOPIX Mid400,0.0285,2026-08-31
3401,帝人,素材・化学,stock,繊維製品,TOPIX Mid400,0.027,2026-08-31
4202,ダイセル,素材・化学,stock,化学,TOPIX Mid400,0.027,2026-08-31
4118,カネカ,素材・化学,stock,化学,TOPIX Mid400,0.0254,2026-08-31
4043,トクヤマ,素材・化学,stock,化学,TOPIX Mid400,0.0244,2026-08-31
4272,日本化薬,素材・化学,stock,化学,TOPIX Mid400,0.0241,2026-08-31
4061,デンカ,素材・化学,stock,化学,TOPIX Mid400,0.0231,2026-08-31
8111,ゴールドウイン,素材・化学,stock,繊維製品,TOPIX Mid400,0.0217,2026-08-31
4922,コーセーホールディングス,素材・化学,stock,化学,TOPIX Mid400,0.0206,2026-08-31
4206,アイカ工業,素材・化学,stock,化学,TOPIX Mid400,0.0181,2026-08-31
4927,ポーラ・オルビスホールディングス,素材・化学,stock,化学,TOPIX Mid400,0.0145,2026-08-31
3591,ワコールホールディングス,素材・化学,stock,繊維製品,TOPIX Mid400,0.0144,2026-08-31
4045,東亞合成,素材・化学,stock,化学,TOPIX Mid400,0.0144,2026-08-31
7203,トヨタ自動車,自動車・輸送機,stock,輸送用機器,TOPIX Core30,2.6754,2026-08-31
7267,本田技研工業,自動車・輸送機,stock,輸送用機器,TOPIX Core30,0.5503,2026-08-31
5108,ブリヂストン,自動車・輸送機,stock,ゴム製品,TOPIX Large70,0.3925,2026-08-31
6902,デンソー,自動車・輸送機,stock,輸送用機器,TOPIX Large70,0.3272,2026-08-31
7269,スズキ,自動車・輸送機,stock,輸送用機器,TOPIX Large70,0.2824,2026-08-31
7012,川崎重工業,自動車・輸送機,stock,輸送用機器,TOPIX Mid400,0.1753,2026-08-31
7272,ヤマハ発動機,自動車・輸送機,stock,輸送用機器,TOPIX Mid400,0.1631,2026-08-31
7309,シマノ,自動車・輸送機,stock,輸送用機器,TOPIX Large70,0.1448,2026-08-31
7270,SUBARU,自動車・輸送機,stock,輸送用機器,TOPIX Large70,0.1359,2026-08-31
7202,いすゞ自動車,自動車・輸送機,stock,輸送用機器,TOPIX Mid400,0.1017,2026-08-31
7259,アイシン,自動車・輸送機,stock,輸送用機器,TOPIX Mid400,0.0949,2026-08-31
7201,日産自動車,自動車・輸送機,stock,輸送用機器,TOPIX Mid400,0.0866,2026-08-31
7261,マツダ,自動車・輸送機,stock,輸送用機器,TOPIX Mid400,0.0703,2026-08-31
5101,横浜ゴム,自動車・輸送機,stock,ゴム製品,TOPIX Mid400,0.0638,2026-08-31
5105,TOYO TIRE,自動車・輸送機,stock,ゴム製品,TOPIX Mid400,0.045,2026-08-31
5110,住友ゴム工業,自動車・輸送機,stock,ゴム製品,TOPIX Mid400,0.0343,2026-08-31
7282,豊田合成,自動車・輸送機,stock,輸送用機器,TOPIX Mid400,0.0292,2026-08-31
7211,三菱自動車工業,自動車・輸送機,stock,輸送用機器,TOPIX Mid400,0.026,2026-08-31
3116,トヨタ紡織,自動車・輸送機,stock,輸送用機器,TOPIX Mid400,0.0193,2026-08-31
7240,NOK,自動車・輸送機,stock,輸送用機器,TOPIX Mid400,0.0192,2026-08-31
7313,テイ・エス テック,自動車・輸送機,stock,輸送用機器,TOPIX Mid400,0.0118,2026-08-31
9020,東日本旅客鉄道,運輸・物流,stock,陸運業,TOPIX Large70,0.3408,2026-08-31
9022,東海旅客鉄道,運輸・物流,stock,陸運業,TOPIX Large70,0.2826,2026-08-31
9101,日本郵船,運輸・物流,stock,海運業,TOPIX Large70,0.2394,2026-08-31
9104,商船三井,運輸・物流,stock,海運業,TOPIX Large70,0.2298,2026-08-31
9202,ANAホールディングス,運輸・物流,stock,空運業,TOPIX Large70,0.1425,2026-08-31
9021,西日本旅客鉄道,運輸・物流,stock,陸運業,TOPIX Large70,0.1241,2026-08-31
9107,川崎汽船,運輸・物流,stock,海運業,TOPIX Mid400,0.1236,2026-08-31
9201,日本航空,運輸・物流,stock,空運業,TOPIX Mid400,0.119,2026-08-31
9147,NIPPON EXPRESSホールディングス,運輸・物流,stock,陸運業,TOPIX Mid400,0.1086,2026-08-31
9042,阪急阪神ホールディングス,運輸・物流,stock,陸運業,TOPIX Mid400,0.1068,2026-08-31
9005,東急,運輸・物流,stock,陸運業,TOPIX Mid400,0.0737,2026-08-31
9041,近鉄グループホールディングス,運輸・物流,stock,陸運業,TOPIX Mid400,0.0644,2026-08-31
9024,西武ホールディングス,運輸・物流,stock,陸運業,TOPIX Mid400,0.061,2026-08-31
9001,東武鉄道,運輸・物流,stock,陸運業,TOPIX Mid400,0.0536,2026-08-31
9142,九州旅客鉄道,運輸・物流,stock,陸運業,TOPIX Mid400,0.047,2026-08-31
9007,小田急電鉄,運輸・物流,stock,陸運業,TOPIX Mid400,0.0466,2026-08-31
9143,SGホールディングス,運輸・物流,stock,陸運業,TOPIX Mid400,0.0438,2026-08-31
9009,京成電鉄,運輸・物流,stock,陸運業,TOPIX Mid400,0.041,2026-08-31
9064,ヤマトホールディングス,運輸・物流,stock,陸運業,TOPIX Mid400,0.0409,2026-08-31
9072,ニッコンホールディングス,運輸・物流,stock,陸運業,TOPIX Mid400,0.0405,2026-08-31
9023,東京地下鉄,運輸・物流,stock,陸運業,TOPIX Mid400,0.0404,2026-08-31
9364,上組,運輸・物流,stock,倉庫・運輸関連業,TOPIX Mid400,0.037,2026-08-31
9048,名古屋鉄道,運輸・物流,stock,陸運業,TOPIX Mid400,0.0361,2026-08-31
9065,山九,運輸・物流,stock,陸運業,TOPIX Mid400,0.0313,2026-08-31
9006,京浜急行電鉄,運輸・物流,stock,陸運業,TOPIX Mid400,0.0307,2026-08-31
9008,京王電鉄,運輸・物流,stock,陸運業,TOPIX Mid400,0.0296,2026-08-31
9045,京阪ホールディングス,運輸・物流,stock,陸運業,TOPIX Mid400,0.0287,2026-08-31
9301,三菱倉庫,運輸・物流,stock,倉庫・運輸関連業,TOPIX Mid400,0.0286,2026-08-31
9069,センコーグループホールディングス,運輸・物流,stock,陸運業,TOPIX Mid400,0.0279,2026-08-31
9044,NANKAI,運輸・物流,stock,陸運業,TOPIX Mid400,0.0245,2026-08-31
9076,セイノーホールディングス,運輸・物流,stock,陸運業,TOPIX Mid400,0.0236,2026-08-31
9302,三井倉庫ホールディングス,運輸・物流,stock,倉庫・運輸関連業,TOPIX Mid400,0.0178,2026-08-31
9003,相鉄ホールディングス,運輸・物流,stock,陸運業,TOPIX Mid400,0.0175,2026-08-31
9031,西日本鉄道,運輸・物流,stock,陸運業,TOPIX Mid400,0.0156,2026-08-31
8766,東京海上ホールディングス,金融(除く銀行),stock,保険業,TOPIX Core30,1.3467,2026-08-31
8591,オリックス,金融(除く銀行),stock,その他金融業,TOPIX Large70,0.6382,2026-08-31
8750,第一ライフグループ,金融(除く銀行),stock,保険業,TOPIX Large70,0.6016,2026-08-31
8630,SOMPOホールディングス,金融(除く銀行),stock,保険業,TOPIX Large70,0.5782,2026-08-31
8725,MS&ADインシュアランスグループホールディングス,金融(除く銀行),stock,保険業,TOPIX Large70,0.5411,2026-08-31
8604,野村ホールディングス,金融(除く銀行),stock,証券、商品先物取引業,TOPIX Large70,0.4564,2026-08-31
8601,大和証券グループ本社,金融(除く銀行),stock,証券、商品先物取引業,TOPIX Mid400,0.2241,2026-08-31
8697,日本取引所グループ,金融(除く銀行),stock,その他金融業,TOPIX Large70,0.2098,2026-08-31
8473,SBIホールディングス,金融(除く銀行),stock,証券、商品先物取引業,TOPIX Mid400,0.198,2026-08-31
8795,T&Dホールディングス,金融(除く銀行),stock,保険業,TOPIX Mid400,0.1844,2026-08-31
8593,三菱HCキャピタル,金融(除く銀行),stock,その他金融業,TOPIX Mid400,0.1188,2026-08-31
7181,かんぽ生命保険,金融(除く銀行),stock,保険業,TOPIX Mid400,0.0949,2026-08-31
8729,ソニーフィナンシャルグループ,金融(除く銀行),stock,保険業,TOPIX Core30,0.0892,2026-08-31
8253,クレディセゾン,金融(除く銀行),stock,その他金融業,TOPIX Mid400,0.0389,2026-08-31
8439,東京センチュリー,金融(除く銀行),stock,その他金融業,TOPIX Mid400,0.0342,2026-08-31
7164,全国保証,金融(除く銀行),stock,その他金融業,TOPIX Mid400,0.0314,2026-08-31
8424,芙蓉総合リース,金融(除く銀行),stock,その他金融業,TOPIX Mid400,0.0207,2026-08-31
8570,イオンフィナンシャルサービス,金融(除く銀行),stock,その他金融業,TOPIX Mid400,0.0163,2026-08-31
8572,アコム,金融(除く銀行),stock,その他金融業,TOPIX Mid400,0.0148,2026-08-31
8595,ジャフコ グループ,金融(除く銀行),stock,証券、商品先物取引業,TOPIX Mid400,0.0106,2026-08-31
5803,フジクラ,鉄鋼・非鉄,stock,非鉄金属,TOPIX Large70,0.7567,2026-08-31
5802,住友電気工業,鉄鋼・非鉄,stock,非鉄金属,TOPIX Large70,0.5462,2026-08-31
5401,日本製鉄,鉄鋼・非鉄,stock,鉄鋼,TOPIX Large70,0.3252,2026-08-31
5713,住友金属鉱山,鉄鋼・非鉄,stock,非鉄金属,TOPIX Mid400,0.2712,2026-08-31
5016,JX金属,鉄鋼・非鉄,stock,非鉄金属,TOPIX Mid400,0.2561,2026-08-31
5801,古河電気工業,鉄鋼・非鉄,stock,非鉄金属,TOPIX Mid400,0.2383,2026-08-31
5706,三井金属,鉄鋼・非鉄,stock,非鉄金属,TOPIX Mid400,0.1305,2026-08-31
5411,JFEホールディングス,鉄鋼・非鉄,stock,鉄鋼,TOPIX Mid400,0.1067,2026-08-31
5406,神戸製鋼所,鉄鋼・非鉄,stock,鉄鋼,TOPIX Mid400,0.0723,2026-08-31
5711,三菱マテリアル,鉄鋼・非鉄,stock,非鉄金属,TOPIX Mid400,0.0672,2026-08-31
5714,DOWAホールディングス,鉄鋼・非鉄,stock,非鉄金属,TOPIX Mid400,0.048,2026-08-31
5444,大和工業,鉄鋼・非鉄,stock,鉄鋼,TOPIX Mid400,0.04,2026-08-31
5463,丸一鋼管,鉄鋼・非鉄,stock,鉄鋼,TOPIX Mid400,0.0315,2026-08-31
5471,大同特殊鋼,鉄鋼・非鉄,stock,鉄鋼,TOPIX Mid400,0.0289,2026-08-31
8306,三菱UFJフィナンシャル・グループ,銀行,stock,銀行業,TOPIX Core30,3.9459,2026-08-31
8316,三井住友フィナンシャルグループ,銀行,stock,銀行業,TOPIX Core30,2.5845,2026-08-31
8411,みずほフィナンシャルグループ,銀行,stock,銀行業,TOPIX Core30,2.0392,2026-08-31
7182,ゆうちょ銀行,銀行,stock,銀行業,TOPIX Large70,0.6286,2026-08-31
8308,りそなホールディングス,銀行,stock,銀行業,TOPIX Large70,0.5274,2026-08-31
8309,三井住友トラストグループ,銀行,stock,銀行業,TOPIX Large70,0.4167,2026-08-31
7186,横浜フィナンシャルグループ,銀行,stock,銀行業,TOPIX Mid400,0.1729,2026-08-31
8331,千葉銀行,銀行,stock,銀行業,TOPIX Mid400,0.1411,2026-08-31
5831,しずおかフィナンシャルグループ,銀行,stock,銀行業,TOPIX Mid400,0.1381,2026-08-31
7167,めぶきフィナンシャルグループ,銀行,stock,銀行業,TOPIX Mid400,0.1357,2026-08-31
5844,京都フィナンシャルグループ,銀行,stock,銀行業,TOPIX Mid400,0.1164,2026-08-31
8354,ふくおかフィナンシャルグループ,銀行,stock,銀行業,TOPIX Mid400,0.1069,2026-08-31
8359,八十二長野銀行,銀行,stock,銀行業,TOPIX Mid400,0.0953,2026-08-31
5830,いよぎんホールディングス,銀行,stock,銀行業,TOPIX Mid400,0.0894,2026-08-31
8334,群馬銀行,銀行,stock,銀行業,TOPIX Mid400,0.0871,2026-08-31
8377,ほくほくフィナンシャルグループ,銀行,stock,銀行業,TOPIX Mid400,0.0852,2026-08-31
8341,七十七銀行,銀行,stock,銀行業,TOPIX Mid400,0.0652,2026-08-31
5838,楽天銀行,銀行,stock,銀行業,TOPIX Mid400,0.0578,2026-08-31
7337,ひろぎんホールディングス,銀行,stock,銀行業,TOPIX Mid400,0.0569,2026-08-31
8418,山口フィナンシャルグループ,銀行,stock,銀行業,TOPIX Mid400,0.054,2026-08-31
7180,九州フィナンシャルグループ,銀行,stock,銀行業,TOPIX Mid400,0.0523,2026-08-31
5832,ちゅうぎんフィナンシャルグループ,銀行,stock,銀行業,TOPIX Mid400,0.0511,2026-08-31
7189,西日本フィナンシャルホールディングス,銀行,stock,銀行業,TOPIX Mid400,0.0507,2026-08-31
8303,SBI新生銀行,銀行,stock,銀行業,TOPIX Mid400,0.0454,2026-08-31
8304,あおぞら銀行,銀行,stock,銀行業,TOPIX Mid400,0.0369,2026-08-31
8410,セブン銀行,銀行,stock,銀行業,TOPIX Mid400,0.018,2026-08-31
9503,関西電力,電力・ガス,stock,電気・ガス業,TOPIX Mid400,0.2629,2026-08-31
9502,中部電力,電力・ガス,stock,電気・ガス業,TOPIX Mid400,0.1827,2026-08-31
9531,東京瓦斯,電力・ガス,stock,電気・ガス業,TOPIX Mid400,0.1738,2026-08-31
9532,大阪瓦斯,電力・ガス,stock,電気・ガス業,TOPIX Mid400,0.1708,2026-08-31
9501,東京電力ホールディングス,電力・ガス,stock,電気・ガス業,TOPIX Mid400,0.0837,2026-08-31
9508,九州電力,電力・ガス,stock,電気・ガス業,TOPIX Mid400,0.0806,2026-08-31
9506,東北電力,電力・ガス,stock,電気・ガス業,TOPIX Mid400,0.0604,2026-08-31
9513,電源開発,電力・ガス,stock,電気・ガス業,TOPIX Mid400,0.0513,2026-08-31
9507,四国電力,電力・ガス,stock,電気・ガス業,TOPIX Mid400,0.0316,2026-08-31
9504,中国電力,電力・ガス,stock,電気・ガス業,TOPIX Mid400,0.0302,2026-08-31
9533,東邦瓦斯,電力・ガス,stock,電気・ガス業,TOPIX Mid400,0.0293,2026-08-31
9509,北海道電力,電力・ガス,stock,電気・ガス業,TOPIX Mid400,0.0215,2026-08-31
9505,北陸電力,電力・ガス,stock,電気・ガス業,TOPIX Mid400,0.018,2026-08-31
6501,日立製作所,電機・精密,stock,電気機器,TOPIX Core30,2.3876,2026-08-31
6758,ソニーグループ,電機・精密,stock,電気機器,TOPIX Core30,2.3191,2026-08-31
8035,東京エレクトロン,電機・精密,stock,電気機器,TOPIX Core30,2.0458,2026-08-31
6857,アドバンテスト,電機・精密,stock,電気機器,TOPIX Core30,1.7507,2026-08-31
6861,キーエンス,電機・精密,stock,電気機器,TOPIX Core30,1.4444,2026-08-31
6981,村田製作所,電機・精密,stock,電気機器,TOPIX Large70,1.1843,2026-08-31
6503,三菱電機,電機・精密,stock,電気機器,TOPIX Core30,1.0664,2026-08-31
6752,パナソニック ホールディングス,電機・精密,stock,電気機器,TOPIX Large70,0.9264,2026-08-31
7741,HOYA,電機・精密,stock,精密機器,TOPIX Core30,0.7974,2026-08-31
6702,富士通,電機・精密,stock,電気機器,TOPIX Large70,0.6206,2026-08-31
6723,ルネサスエレクトロニクス,電機・精密,stock,電気機器,TOPIX Large70,0.5733,2026-08-31
6701,日本電気,電機・精密,stock,電気機器,TOPIX Large70,0.5618,2026-08-31
285A,キオクシアホールディングス,電機・精密,stock,電気機器,TOPIX Mid400,0.5308,2026-08-31
6954,ファナック,電機・精密,stock,電気機器,TOPIX Large70,0.499,2026-08-31
6762,TDK,電機・精密,stock,電気機器,TOPIX Large70,0.4634,2026-08-31
4062,イビデン,電機・精密,stock,電気機器,TOPIX Mid400,0.4492,2026-08-31
6971,京セラ,電機・精密,stock,電気機器,TOPIX Large70,0.3684,2026-08-31
7751,キヤノン,電機・精密,stock,電気機器,TOPIX Large70,0.3622,2026-08-31
4543,テルモ,電機・精密,stock,精密機器,TOPIX Large70,0.2885,2026-08-31
6920,レーザーテック,電機・精密,stock,電気機器,TOPIX Large70,0.2456,2026-08-31
7733,オリンパス,電機・精密,stock,精密機器,TOPIX Large70,0.1969,2026-08-31
6525,KOKUSAI ELECTRIC,電機・精密,stock,電気機器,TOPIX Mid400,0.1755,2026-08-31
6504,富士電機,電機・精密,stock,電気機器,TOPIX Mid400,0.1735,2026-08-31
7735,SCREENホールディングス,電機・精密,stock,電気機器,TOPIX Mid400,0.1674,2026-08-31
6963,ローム,電機・精密,stock,電気機器,TOPIX Mid400,0.1649,2026-08-31
6448,ブラザー工業,電機・精密,stock,電気機器,TOPIX Mid400,0.1031,2026-08-31
6479,ミネベアミツミ,電機・精密,stock,電気機器,TOPIX Mid400,0.1025,2026-08-31
6645,オムロン,電機・精密,stock,電気機器,TOPIX Mid400,0.0975,2026-08-31
7701,島津製作所,電機・精密,stock,精密機器,TOPIX Mid400,0.0941,2026-08-31
6841,横河電機,電機・精密,stock,電気機器,TOPIX Mid400,0.0933,2026-08-31
6506,安川電機,電機・精密,stock,電気機器,TOPIX Mid400,0.0905,2026-08-31
6976,太陽誘電,電機・精密,stock,電気機器,TOPIX Mid400,0.0897,2026-08-31
6869,シスメックス,電機・精密,stock,電気機器,TOPIX Mid400,0.0877,2026-08-31
6856,堀場製作所,電機・精密,stock,電気機器,TOPIX Mid400,0.0831,2026-08-31
7747,朝日インテック,電機・精密,stock,精密機器,TOPIX Mid400,0.0775,2026-08-31
6724,セイコーエプソン,電機・精密,stock,電気機器,TOPIX Mid400,0.0701,2026-08-31
7752,リコー,電機・精密,stock,電気機器,TOPIX Mid400,0.0687,2026-08-31
6845,アズビル,電機・精密,stock,電気機器,TOPIX Mid400,0.0641,2026-08-31
6806,ヒロセ電機,電機・精密,stock,電気機器,TOPIX Mid400,0.0636,2026-08-31
6965,浜松ホトニクス,電機・精密,stock,電気機器,TOPIX Mid400,0.0635,2026-08-31
7729,東京精密,電機・精密,stock,精密機器,TOPIX Mid400,0.0581,2026-08-31
7276,小糸製作所,電機・精密,stock,電気機器,TOPIX Mid400,0.0484,2026-08-31
7731,ニコン,電機・精密,stock,精密機器,TOPIX Mid400,0.0415,2026-08-31
6754,アンリツ,電機・精密,stock,電気機器,TOPIX Mid400,0.039,2026-08-31
6674,ジーエス・ユアサ コーポレーション,電機・精密,stock,電気機器,TOPIX Mid400,0.0382,2026-08-31
6952,カシオ計算機,電機・精密,stock,電気機器,TOPIX Mid400,0.0342,2026-08-31
6728,アルバック,電機・精密,stock,電気機器,TOPIX Mid400,0.0334,2026-08-31
3105,日清紡ホールディングス,電機・精密,stock,電気機器,TOPIX Mid400,0.0326,2026-08-31
6770,アルプスアルパイン,電機・精密,stock,電気機器,TOPIX Mid400,0.0303,2026-08-31
6526,ソシオネクスト,電機・精密,stock,電気機器,TOPIX Mid400,0.0302,2026-08-31
6592,マブチモーター,電機・精密,stock,電気機器,TOPIX Mid400,0.0297,2026-08-31
6951,日本電子,電機・精密,stock,電気機器,TOPIX Mid400,0.0282,2026-08-31
6923,スタンレー電気,電機・精密,stock,電気機器,TOPIX Mid400,0.0266,2026-08-31
4902,コニカミノルタ,電機・精密,stock,電気機器,TOPIX Mid400,0.026,2026-08-31
6925,ウシオ電機,電機・精密,stock,電気機器,TOPIX Mid400,0.0251,2026-08-31
8086,ニプロ,電機・精密,stock,精密機器,TOPIX Mid400,0.0221,2026-08-31
6849,日本光電工業,電機・精密,stock,電気機器,TOPIX Mid400,0.0212,2026-08-31
6632,JVCケンウッド,電機・精密,stock,電気機器,TOPIX Mid400,0.014,2026-08-31
6753,シャープ,電機・精密,stock,電気機器,TOPIX Mid400,0.0139,2026-08-31
6707,サンケン電気,電機・精密,stock,電気機器,TOPIX Mid400,0.013,2026-08-31
2914,日本たばこ産業,食品,stock,食料品,TOPIX Core30,0.7161,2026-08-31
2802,味の素,食品,stock,食料品,TOPIX Large70,0.4431,2026-08-31
2503,キリンホールディングス,食品,stock,食料品,TOPIX Large70,0.2252,2026-08-31
2502,アサヒグループホールディングス,食品,stock,食料品,TOPIX Large70,0.2139,2026-08-31
2269,明治ホールディングス,食品,stock,食料品,TOPIX Mid400,0.1063,2026-08-31
2801,キッコーマン,食品,stock,食料品,TOPIX Mid400,0.1033,2026-08-31
2875,東洋水産,食品,stock,食料品,TOPIX Mid400,0.0826,2026-08-31
2587,サントリービバレッジ&フード,食品,stock,食料品,TOPIX Mid400,0.063,2026-08-31
2267,ヤクルト本社,食品,stock,食料品,TOPIX Mid400,0.0609,2026-08-31
2897,日清食品ホールディングス,食品,stock,食料品,TOPIX Mid400,0.0574,2026-08-31
2501,サッポロビール,食品,stock,食料品,TOPIX Mid400,0.0528,2026-08-31
2579,コカ・コーラ ボトラーズジャパンホールディングス,食品,stock,食料品,TOPIX Mid400,0.0435,2026-08-31
2809,キユーピー,食品,stock,食料品,TOPIX Mid400,0.0435,2026-08-31
2212,山崎製パン,食品,stock,食料品,TOPIX Mid400,0.0421,2026-08-31
2282,日本ハム,食品,stock,食料品,TOPIX Mid400,0.0383,2026-08-31
2002,日清製粉グループ本社,食品,stock,食料品,TOPIX Mid400,0.0336,2026-08-31
2871,ニチレイ,食品,stock,食料品,TOPIX Mid400,0.0322,2026-08-31
2531,宝ホールディングス,食品,stock,食料品,TOPIX Mid400,0.0298,2026-08-31
2264,森永乳業,食品,stock,食料品,TOPIX Mid400,0.028,2026-08-31
1332,ニッスイ,食品,stock,水産・農林業,TOPIX Mid400,0.0276,2026-08-31
2206,江崎グリコ,食品,stock,食料品,TOPIX Mid400,0.0251,2026-08-31
2222,寿スピリッツ,食品,stock,食料品,TOPIX Mid400,0.0251,2026-08-31
2811,カゴメ,食品,stock,食料品,TOPIX Mid400,0.0242,2026-08-31
2229,カルビー,食品,stock,食料品,TOPIX Mid400,0.0241,2026-08-31
2810,ハウス食品グループ本社,食品,stock,食料品,TOPIX Mid400,0.0238,2026-08-31
2201,森永製菓,食品,stock,食料品,TOPIX Mid400,0.0169,2026-08-31
2593,伊藤園,食品,stock,食料品,TOPIX Mid400,0.0167,2026-08-31
2607,不二製油,食品,stock,食料品,TOPIX Mid400,0.0157,2026-08-31
1333,Umios,食品,stock,水産・農林業,TOPIX Mid400,0.0152,2026-08-31
